Headline,Date,url,description,image,include,section,title,hero,original_image_url
Here's how Africa wants to redraw the world map,26-Aug-25,https://www.washingtonpost.com/world/interactive/2025/mercator-map-africa-au-size/,"The Mercator projection, a centuries-old map style from the age of sail, still prevails in the internet age. Here's what the African Union wants to use instead.",https://www.washingtonpost.com/wp-apps/imrs.php?src=https://arc-anglerfish-washpost-prod-washpost.s3.amazonaws.com/public/GZW3YZMKX5AVDLCKTDMN4HYV6I.jpg&w=1200,1,more,Here's how Africa wants to redraw the world map,GZW3YZMKX5AVDLCKTDMN4HYV6I.jpg,https://www.washingtonpost.com/wp-apps/imrs.php?src=https://arc-anglerfish-washpost-prod-washpost.s3.amazonaws.com/public/GZW3YZMKX5AVDLCKTDMN4HYV6I.jpg&w=1200
"What is the Massive Ordnance Penetrator, the U.S. bunker-busting bomb?",22-Jun-25,https://www.washingtonpost.com/national-security/2025/06/17/massive-ordnance-penetrator-iran-bunker-buster/,"Iran's nuclear sites were targeted with more than a dozen of the 30,000-pound bunker-busters deployed from B-2 stealth bombers.",https://www.washingtonpost.com/wp-apps/imrs.php?src=https://arc-anglerfish-washpost-prod-washpost.s3.amazonaws.com/public/YHYNIBRXCC3VUR23VOMKXUSJCE.jpg&w=1440,,more,"What is the Massive Ordnance Penetrator, the U.S. bunker-busting bomb?",YHYNIBRXCC3VUR23VOMKXUSJCE.jpg,https://www.washingtonpost.com/wp-apps/imrs.php?src=https://arc-anglerfish-washpost-prod-washpost.s3.amazonaws.com/public/YHYNIBRXCC3VUR23VOMKXUSJCE.jpg&w=1440
"Israel's air defense against Iran, explained",20-Jun-25,https://www.washingtonpost.com/world/2025/06/20/israel-air-defense-iran-iron-dome-missile-arrow/,Israeli officials this week reported an interception success rate of more than 90 percent.,https://www.washingtonpost.com/wp-apps/imrs.php?src=https://arc-anglerfish-washpost-prod-washpost.s3.amazonaws.com/public/XGG2KWMJUI45A2IM2FB5VTSWHU.jpg&w=1440,,more,"Israel's air defense against Iran, explained",XGG2KWMJUI45A2IM2FB5VTSWHU.jpg,https://www.washingtonpost.com/wp-apps/imrs.php?src=https://arc-anglerfish-washpost-prod-washpost.s3.amazonaws.com/public/XGG2KWMJUI45A2IM2FB5VTSWHU.jpg&w=1440
"How Francis, the second-oldest pope in modern history, compared with others",21-Apr-25,https://www.washingtonpost.com/world/2025/04/21/pope-francis-age/,"Pope Francis, the second-oldest pope in modern history, has died at age 88, leaving behind a legacy of change in the Catholic Church.",https://www.washingtonpost.com/wp-apps/imrs.php?src=https://arc-anglerfish-washpost-prod-washpost.s3.amazonaws.com/public/UAKVR3JBAJFLRGZNRROHYU6W5U.jpg&w=1440,1,more,"How Francis, the second-oldest pope in modern history, compared with others",UAKVR3JBAJFLRGZNRROHYU6W5U.jpg,https://www.washingtonpost.com/wp-apps/imrs.php?src=https://arc-anglerfish-washpost-prod-washpost.s3.amazonaws.com/public/UAKVR3JBAJFLRGZNRROHYU6W5U.jpg&w=1440
"Where to view cherry blossoms in the D.C. area, mapped",13-Mar-25,https://www.washingtonpost.com/dc-md-va/2025/cherry-blossom-map-dc-region/,"These maps show some of the best places to see cherry blossoms in Washington D.C., Maryland and Virginia.",https://www.washingtonpost.com/wp-apps/imrs.php?src=https://arc-anglerfish-washpost-prod-washpost.s3.amazonaws.com/public/KTZGYCM6MBHJDP2WHJC2NP6C6A.jpg&w=1440,1,more,"Where to view cherry blossoms in the D.C. area, mapped",KTZGYCM6MBHJDP2WHJC2NP6C6A.jpg,https://www.washingtonpost.com/wp-apps/imrs.php?src=https://arc-anglerfish-washpost-prod-washpost.s3.amazonaws.com/public/KTZGYCM6MBHJDP2WHJC2NP6C6A.jpg&w=1440
No clock change? See how early or late you would be in the dark.,7-Mar-25,https://www.washingtonpost.com/nation/interactive/2024/no-daylight-saving-time-see-how-early-or-late-you-would-be-dark/,"Would you be okay if the sun rose before 4 a.m., or after 10? Not changing clocks is a popular idea, but we'd have to live with the extremes.",https://www.washingtonpost.com/wp-apps/imrs.php?src=https://arc-anglerfish-washpost-prod-washpost.s3.amazonaws.com/public/3JSKQKOPSJHMPE7P7U6VNQITAY.jpg&w=1200,1,more,No clock change? See how early or late you would be in the dark.,3JSKQKOPSJHMPE7P7U6VNQITAY.jpg,https://www.washingtonpost.com/wp-apps/imrs.php?src=https://arc-anglerfish-washpost-prod-washpost.s3.amazonaws.com/public/3JSKQKOPSJHMPE7P7U6VNQITAY.jpg&w=1200
"How Trump built his victory, vote by vote",8-Nov-24,https://www.washingtonpost.com/elections/interactive/2024/2024-election-vote-map/,"Using sand to represent individual votes, The Post explains where key votes gave Trump a second term in the White House.",https://www.washingtonpost.com/wp-apps/imrs.php?src=https://arc-anglerfish-washpost-prod-washpost.s3.amazonaws.com/public/XLUSUBLFWVAS7JPFKKZJE4HBYE.jpg&w=1200,1,more,"How Trump built his victory, vote by vote",XLUSUBLFWVAS7JPFKKZJE4HBYE.jpg,https://www.washingtonpost.com/wp-apps/imrs.php?src=https://arc-anglerfish-washpost-prod-washpost.s3.amazonaws.com/public/XLUSUBLFWVAS7JPFKKZJE4HBYE.jpg&w=1200
"Iron Dome, David's Sling, Arrow: Israel's air defense against Iran, explained",2-Oct-24,https://www.washingtonpost.com/world/2024/04/15/israel-air-defense-iron-dome-iran/,The barrage of nearly 200 ballistic missiles Tuesday was Iran's second major missile attack on Israel in five months.,https://www.washingtonpost.com/wp-apps/imrs.php?src=https://arc-anglerfish-washpost-prod-washpost.s3.amazonaws.com/public/O7LZ3I6OUFP6TASFURYE3P7IG4.JPG&w=1440,,more,"Iron Dome, David's Sling, Arrow: Israel's air defense against Iran, explained",O7LZ3I6OUFP6TASFURYE3P7IG4.JPG,https://www.washingtonpost.com/wp-apps/imrs.php?src=https://arc-anglerfish-washpost-prod-washpost.s3.amazonaws.com/public/O7LZ3I6OUFP6TASFURYE3P7IG4.JPG&w=1440
Where floods from Hurricane Helene are ravaging the North Carolina mountains,30-Sep-24,https://www.washingtonpost.com/weather/2024/09/29/hurricane-helene-north-carolina-floods/,"Hurricane Helene caused catastrophic flooding in North Carolina, impacting Asheville and Buncombe County.",https://www.washingtonpost.com/wp-apps/imrs.php?src=https://arc-anglerfish-washpost-prod-washpost.s3.amazonaws.com/public/YZQULNRHZVEALPP5JZ2E3DIIKU_size-normalized.png&w=1440,1,more,Where floods from Hurricane Helene are ravaging the North Carolina mountains,YZQULNRHZVEALPP5JZ2E3DIIKU_size-normalized.png,https://www.washingtonpost.com/wp-apps/imrs.php?src=https://arc-anglerfish-washpost-prod-washpost.s3.amazonaws.com/public/YZQULNRHZVEALPP5JZ2E3DIIKU_size-normalized.png&w=1440
Hurricane Helene tracker: Map and projected storm path,26-Sep-24,https://www.washingtonpost.com/weather/2024/09/24/hurricane-helene-path-tracker-map/,Hurricane Helene is the 8th named storm of the Atlantic hurricane season.,https://www.washingtonpost.com/wp-apps/imrs.php?src=https://arc-anglerfish-washpost-prod-washpost.s3.amazonaws.com/public/3O2QZICU7ZCIDB7VBPHZ7SIMNM.jpg&w=1440,,more,Hurricane Helene tracker: Map and projected storm path,3O2QZICU7ZCIDB7VBPHZ7SIMNM.jpg,https://www.washingtonpost.com/wp-apps/imrs.php?src=https://arc-anglerfish-washpost-prod-washpost.s3.amazonaws.com/public/3O2QZICU7ZCIDB7VBPHZ7SIMNM.jpg&w=1440
Mapping the Democratic National Convention in Chicago,19-Aug-24,https://www.washingtonpost.com/politics/2024/08/19/democratic-national-convention-maps-chicago/,Democrats are hosting their national convention at the United Center and McCormick Place in Chicago. Here are the security zones and where protests are planned.,https://www.washingtonpost.com/wp-apps/imrs.php?src=https://arc-anglerfish-washpost-prod-washpost.s3.amazonaws.com/public/U3RRCO2XRB6UFGTIZDSNUD5JSE_size-normalized.JPG&w=1440,,more,Mapping the Democratic National Convention in Chicago,U3RRCO2XRB6UFGTIZDSNUD5JSE_size-normalized.JPG,https://www.washingtonpost.com/wp-apps/imrs.php?src=https://arc-anglerfish-washpost-prod-washpost.s3.amazonaws.com/public/U3RRCO2XRB6UFGTIZDSNUD5JSE_size-normalized.JPG&w=1440
How Tim Walz performed in his most recent election,6-Aug-24,https://www.washingtonpost.com/politics/2024/08/02/harris-vp-candidates-elections/,Tim Walz's election for governor largely mirrored Joe Biden's 2020 win in Minnesota.,https://www.washingtonpost.com/wp-apps/imrs.php?src=https://arc-anglerfish-washpost-prod-washpost.s3.amazonaws.com/public/6AIALHU6KUI6RI65FIMZD4DV2U_size-normalized.jpg&w=1440,1,more,How Tim Walz performed in his most recent election,how-tim-walz-performed-in-his-most-recent-election-5837da40.jpg,https://www.washingtonpost.com/wp-apps/imrs.php?src=https://arc-anglerfish-washpost-prod-washpost.s3.amazonaws.com/public/6AIALHU6KUI6RI65FIMZD4DV2U_size-normalized.jpg&w=1440
Swing states get prime spots on the RNC convention floor — except one,15-Jul-24,https://www.washingtonpost.com/politics/2024/07/15/republican-national-convention-floor-maps/,"As more than 2,400 delegates gather in Milwaukee for the Republican National Convention, some will have much better seats than others in Fiserv Forum.",https://www.washingtonpost.com/wp-apps/imrs.php?src=https://arc-anglerfish-washpost-prod-washpost.s3.amazonaws.com/public/N2E7VMWTTFHJJLTR3NXVCMGYVI.jpg&w=1440,,more,Swing states get prime spots on the RNC convention floor — except one,N2E7VMWTTFHJJLTR3NXVCMGYVI.jpg,https://www.washingtonpost.com/wp-apps/imrs.php?src=https://arc-anglerfish-washpost-prod-washpost.s3.amazonaws.com/public/N2E7VMWTTFHJJLTR3NXVCMGYVI.jpg&w=1440
Mapping the tornadoes in Maryland,6-Jun-24,https://www.washingtonpost.com/weather/2024/06/06/maryland-tornado-map/,Tornadoes ripped through Maryland on Wednesday evening. See where they were reported.,https://www.washingtonpost.com/wp-apps/imrs.php?src=https://arc-anglerfish-washpost-prod-washpost.s3.amazonaws.com/public/CTBPVWEDB5DWZJEYIZBQLCC3WY.jpg&w=1440,,more,Mapping the tornadoes in Maryland,CTBPVWEDB5DWZJEYIZBQLCC3WY.jpg,https://www.washingtonpost.com/wp-apps/imrs.php?src=https://arc-anglerfish-washpost-prod-washpost.s3.amazonaws.com/public/CTBPVWEDB5DWZJEYIZBQLCC3WY.jpg&w=1440
Mapping the wide-scale Iranian drone and missile attacks,14-Apr-24,https://www.washingtonpost.com/world/2024/04/14/mapping-wide-scale-iranian-drone-missile-attacks/,A look at where Iranian drones and missiles hit in Israel.,https://www.washingtonpost.com/wp-apps/imrs.php?src=https://arc-anglerfish-washpost-prod-washpost.s3.amazonaws.com/public/MLK5SVJZMNHHNJRYQE2OG4JI4A.jpg&w=1440,,more,Mapping the wide-scale Iranian drone and missile attacks,MLK5SVJZMNHHNJRYQE2OG4JI4A.jpg,https://www.washingtonpost.com/wp-apps/imrs.php?src=https://arc-anglerfish-washpost-prod-washpost.s3.amazonaws.com/public/MLK5SVJZMNHHNJRYQE2OG4JI4A.jpg&w=1440
Where to see cherry blossoms in the D.C. area,8-Mar-24,https://www.washingtonpost.com/dc-md-va/2024/03/08/dc-region-cherry-blossom-maps/,"Here are maps of some of the best places to see cherry blossoms in D.C., Maryland and Virginia.",https://www.washingtonpost.com/wp-apps/imrs.php?src=https://arc-anglerfish-washpost-prod-washpost.s3.amazonaws.com/public/UJAOW3X4ZZEIZKUNJLVMNXIOOE.jpg&w=1440,,more,Where to see cherry blossoms in the D.C. area,UJAOW3X4ZZEIZKUNJLVMNXIOOE.jpg,https://www.washingtonpost.com/wp-apps/imrs.php?src=https://arc-anglerfish-washpost-prod-washpost.s3.amazonaws.com/public/UJAOW3X4ZZEIZKUNJLVMNXIOOE.jpg&w=1440
How permanent daylight saving time would change sunrise and sunset times,4-Mar-24,https://www.washingtonpost.com/weather/2022/03/17/daylight-saving-time-sunrise-sunset/,Brighter winter evenings would come at the expense of darker mornings.,https://www.washingtonpost.com/wp-apps/imrs.php?src=https://arc-anglerfish-washpost-prod-washpost.s3.amazonaws.com/public/7UCOEAVVLJCTPFNML4W6GFCXSU.jpg&w=1440,,more,How permanent daylight saving time would change sunrise and sunset times,7UCOEAVVLJCTPFNML4W6GFCXSU.jpg,https://www.washingtonpost.com/wp-apps/imrs.php?src=https://arc-anglerfish-washpost-prod-washpost.s3.amazonaws.com/public/7UCOEAVVLJCTPFNML4W6GFCXSU.jpg&w=1440
Mapping 2024's cicada double-whammy,26-Jan-24,https://www.washingtonpost.com/science/2024/01/26/cicada-brood-map/,"This spring, billions of bugs are expected to be flying around a portion of the middle of the United States, including the Midwest's largest city.",https://www.washingtonpost.com/wp-apps/imrs.php?src=https://arc-anglerfish-washpost-prod-washpost.s3.amazonaws.com/public/SQSX3D3EO5G2HCHWIM7VHBQJMM.jpg&w=1440,1,more,Mapping 2024's cicada double-whammy,SQSX3D3EO5G2HCHWIM7VHBQJMM.jpg,https://www.washingtonpost.com/wp-apps/imrs.php?src=https://arc-anglerfish-washpost-prod-washpost.s3.amazonaws.com/public/SQSX3D3EO5G2HCHWIM7VHBQJMM.jpg&w=1440
Where the Boeing 737 Max 9 flies,9-Jan-24,https://www.washingtonpost.com/business/2024/01/09/boeing-737-max-flight-routes-airlines/,"Before Friday's accident, roughly 600 flights took off daily with Max 9s that had a similar configuration to the one which lost part of its wall midair.",https://www.washingtonpost.com/wp-apps/imrs.php?src=https://arc-anglerfish-washpost-prod-washpost.s3.amazonaws.com/public/2GRH7MZGGJFPFL3IQNA2CLLRJ4.jpg&w=1440,1,more,Where the Boeing 737 Max 9 flies,2GRH7MZGGJFPFL3IQNA2CLLRJ4.jpg,https://www.washingtonpost.com/wp-apps/imrs.php?src=https://arc-anglerfish-washpost-prod-washpost.s3.amazonaws.com/public/2GRH7MZGGJFPFL3IQNA2CLLRJ4.jpg&w=1440
More than half of Americans live in places where recreational marijuana is legal,8-Nov-23,https://www.washingtonpost.com/politics/2023/legal-weed-states-map/,There are 24 states in the U.S. that have legalized the recreational use of marijuana.,https://www.washingtonpost.com/wp-apps/imrs.php?src=https://arc-anglerfish-washpost-prod-washpost.s3.amazonaws.com/public/5TDEMMVB6FG5DBISBPUWYJIYNA.jpg&w=1440,,more,More than half of Americans live in places where recreational marijuana is legal,5TDEMMVB6FG5DBISBPUWYJIYNA.jpg,https://www.washingtonpost.com/wp-apps/imrs.php?src=https://arc-anglerfish-washpost-prod-washpost.s3.amazonaws.com/public/5TDEMMVB6FG5DBISBPUWYJIYNA.jpg&w=1440
"Explore the evolution of beer, from Stone Age sludge to craft brews",19-Sep-23,https://www.washingtonpost.com/food/interactive/2023/beer-history-types-timeline/,"Beer is older than recorded history, but what we drink today looks and tastes far different than it did hundreds or thousands of years ago.",https://www.washingtonpost.com/wp-apps/imrs.php?src=https://arc-anglerfish-washpost-prod-washpost.s3.amazonaws.com/public/2W3TZYRJAJGIBNMODJTL2FN2CI.png&w=1200,1,more,"Explore the evolution of beer, from Stone Age sludge to craft brews",2W3TZYRJAJGIBNMODJTL2FN2CI.png,https://www.washingtonpost.com/wp-apps/imrs.php?src=https://arc-anglerfish-washpost-prod-washpost.s3.amazonaws.com/public/2W3TZYRJAJGIBNMODJTL2FN2CI.png&w=1200
Tracking the path of Tropical Storm Idalia,31-Aug-23,https://www.washingtonpost.com/weather/2023/08/27/tracking-path-tropical-storm-idalia/,"We're tracking the path of Hurricane Idalia, which made landfall as a high-end Category 3 storm in Florida's Big Bend and brought dangerous winds and storm surge.",https://www.washingtonpost.com/wp-apps/imrs.php?src=https://arc-anglerfish-washpost-prod-washpost.s3.amazonaws.com/public/YW6CJ7V4XBGI3PPDFDVJHVVK3M.jpg&w=1440,,more,Tracking the path of Tropical Storm Idalia,YW6CJ7V4XBGI3PPDFDVJHVVK3M.jpg,https://www.washingtonpost.com/wp-apps/imrs.php?src=https://arc-anglerfish-washpost-prod-washpost.s3.amazonaws.com/public/YW6CJ7V4XBGI3PPDFDVJHVVK3M.jpg&w=1440
Where so many Republicans voted 'No' on Issue 1 in Ohio,10-Aug-23,https://www.washingtonpost.com/politics/2023/08/10/why-so-many-republicans-voted-no-issue-1-ohio/,"Ohio has been trending Republican. But on Tuesday, voters rejected a GOP-led effort to make it tougher to amend the state constitution as a ballot measure to guarantee access to abortion looms in November.",https://www.washingtonpost.com/wp-apps/imrs.php?src=https://arc-anglerfish-washpost-prod-washpost.s3.amazonaws.com/public/WK5NOP4B7FBFZGMW43NUMR7A6Y.jpg&w=1440,1,more,Where so many Republicans voted 'No' on Issue 1 in Ohio,WK5NOP4B7FBFZGMW43NUMR7A6Y.jpg,https://www.washingtonpost.com/wp-apps/imrs.php?src=https://arc-anglerfish-washpost-prod-washpost.s3.amazonaws.com/public/WK5NOP4B7FBFZGMW43NUMR7A6Y.jpg&w=1440
Small towns don't vote like other rural areas,9-Aug-23,https://www.washingtonpost.com/politics/2023/08/09/small-town-voting-trump/,"A Washington Post analysis finds that Trump fared about 12 points worse in small-town precincts than in rural precincts, though small towns overall favored him.",https://www.washingtonpost.com/wp-apps/imrs.php?src=https://arc-anglerfish-washpost-prod-washpost.s3.amazonaws.com/public/AX5IYJN22RH63I4OZGIOICXCII_size-normalized.png&w=1440,1,more,Small towns don't vote like other rural areas,AX5IYJN22RH63I4OZGIOICXCII_size-normalized.png,https://www.washingtonpost.com/wp-apps/imrs.php?src=https://arc-anglerfish-washpost-prod-washpost.s3.amazonaws.com/public/AX5IYJN22RH63I4OZGIOICXCII_size-normalized.png&w=1440
Ocean temperatures are off the charts. Here's where they're highest.,28-Jul-23,https://www.washingtonpost.com/weather/2023/07/28/ocean-temperature-maps-heat-records/,The North Atlantic has baked in record daily warmth every day since early March. The average sea surface temperature is as hot as it's ever been.,https://www.washingtonpost.com/wp-apps/imrs.php?src=https://arc-anglerfish-washpost-prod-washpost.s3.amazonaws.com/public/ENHR5EAHCNHE5JJYJFKOVNSDEA.jpg&w=1440,1,more,Ocean temperatures are off the charts. Here's where they're highest.,ENHR5EAHCNHE5JJYJFKOVNSDEA.jpg,https://www.washingtonpost.com/wp-apps/imrs.php?src=https://arc-anglerfish-washpost-prod-washpost.s3.amazonaws.com/public/ENHR5EAHCNHE5JJYJFKOVNSDEA.jpg&w=1440
Only 19 U.S. theaters will show 'Oppenheimer' in 70mm Imax. It's epic.,20-Jul-23,https://www.washingtonpost.com/entertainment/movies/2023/07/20/oppenheimer-70mm-imax-theaters-locations/,Director Christopher Nolan shot Oppenheimer for 70mm-Imax film. Moviegoers can see it at only 19 theaters in America.,https://www.washingtonpost.com/wp-apps/imrs.php?src=https://arc-anglerfish-washpost-prod-washpost.s3.amazonaws.com/public/WYUL5YK6SFDA3J2RQ4S7FPKFPM.jpg&w=1440,1,more,Only 19 U.S. theaters will show 'Oppenheimer' in 70mm Imax. It's epic.,WYUL5YK6SFDA3J2RQ4S7FPKFPM.jpg,https://www.washingtonpost.com/wp-apps/imrs.php?src=https://arc-anglerfish-washpost-prod-washpost.s3.amazonaws.com/public/WYUL5YK6SFDA3J2RQ4S7FPKFPM.jpg&w=1440
"From snowy West to snow-starved East, a map of winter winners and losers",3-Feb-23,https://www.washingtonpost.com/weather/2023/02/03/us-snowfall-extremes-map/,"In this odd winter for U.S. snowfall, western peaks are loaded but New York and D.C. are nearly bare.",https://www.washingtonpost.com/wp-apps/imrs.php?src=https://arc-anglerfish-washpost-prod-washpost.s3.amazonaws.com/public/4ZQHOBX5CBHTTJC66CA2UBWPJQ.jpg&w=1440,1,more,"From snowy West to snow-starved East, a map of winter winners and losers",4ZQHOBX5CBHTTJC66CA2UBWPJQ.jpg,https://www.washingtonpost.com/wp-apps/imrs.php?src=https://arc-anglerfish-washpost-prod-washpost.s3.amazonaws.com/public/4ZQHOBX5CBHTTJC66CA2UBWPJQ.jpg&w=1440
Here's how the Seoul Halloween crush happened,30-Oct-22,https://www.washingtonpost.com/world/2022/10/29/where-how-seoul-itaewon-stampede/,The crush in Seoul happened in the Itaewon neighborhood. Videos reveal a timeline of how the tragedy unfolded.,https://www.washingtonpost.com/wp-apps/imrs.php?src=https://arc-anglerfish-washpost-prod-washpost.s3.us-east-1.amazonaws.com/public/FF3YRIBBJHZC6UFNSA3FQZAJ6Y_size-normalized.jpg&w=1440,1,more,Here's how the Seoul Halloween crush happened,here-s-how-the-seoul-halloween-crush-happened-53a918ca.jpg,https://www.washingtonpost.com/wp-apps/imrs.php?src=https://arc-anglerfish-washpost-prod-washpost.s3.us-east-1.amazonaws.com/public/FF3YRIBBJHZC6UFNSA3FQZAJ6Y_size-normalized.jpg&w=1440
What it looks like as drought strangles the mighty Mississippi,27-Oct-22,https://www.washingtonpost.com/climate-environment/2022/10/26/mississippi-river-drying-up/,"The Mississippi River, the nation's most mythical waterway, has been strangled by months of drought, with water levels plummeting to historic lows.",https://www.washingtonpost.com/wp-apps/imrs.php?src=https://arc-anglerfish-washpost-prod-washpost.s3.amazonaws.com/public/227WTMDU7NE6ZCCBSWBS4DQOQQ.gif&w=1440,1,more,What it looks like as drought strangles the mighty Mississippi,what-it-looks-like-as-drought-strangles-the-mighty-mississippi-0bcf0d88.jpg,https://www.washingtonpost.com/wp-apps/imrs.php?src=https://arc-anglerfish-washpost-prod-washpost.s3.amazonaws.com/public/227WTMDU7NE6ZCCBSWBS4DQOQQ.gif&w=1440
Mapping this summer's extreme divide in rain and drought,3-Sep-22,https://www.washingtonpost.com/climate-environment/2022/09/03/rain-drought-united-states-maps/,"Despite record precipitation events this summer, the country is likely running behind its average annual rainfall",https://www.washingtonpost.com/wp-apps/imrs.php?src=https://arc-anglerfish-washpost-prod-washpost.s3.amazonaws.com/public/RT474X2MH5A4RAGY72NPF7A3DY.jpg&w=1440,1,more,Mapping this summer's extreme divide in rain and drought,RT474X2MH5A4RAGY72NPF7A3DY.jpg,https://www.washingtonpost.com/wp-apps/imrs.php?src=https://arc-anglerfish-washpost-prod-washpost.s3.amazonaws.com/public/RT474X2MH5A4RAGY72NPF7A3DY.jpg&w=1440
"Young men, guns and the prefrontal cortex",3-Jun-22,https://www.washingtonpost.com/health/2022/06/03/why-so-many-mass-shooters-young-angry-men/,"The Uvalde, Tex., shooter is part of a long list of young male perpetrators. Some experts think gun laws need to change to address that.",https://www.washingtonpost.com/wp-apps/imrs.php?src=https://arc-anglerfish-washpost-prod-washpost.s3.amazonaws.com/public/LX7MICW5Y4I6ZPBVVEOQVFESHM_size-normalized.jpg&w=1440,1,more,"Young men, guns and the prefrontal cortex",young-men-guns-and-the-prefrontal-cortex-bdfaac27.jpg,https://www.washingtonpost.com/wp-apps/imrs.php?src=https://arc-anglerfish-washpost-prod-washpost.s3.amazonaws.com/public/LX7MICW5Y4I6ZPBVVEOQVFESHM_size-normalized.jpg&w=1440
Visualizing the omicron wave striking and rolling across the country,28-Jan-22,https://www.washingtonpost.com/health/interactive/2022/omicron-wave-spread-maps/,"Covid's omicron wave blew case rates and hospitalization to new national records as it hit the Northeast in January, but it has already turned elsewhere. This story also brings data and maps to compare how omicron and delta waves spread across the country",https://www.washingtonpost.com/wp-apps/imrs.php?src=https://arc-anglerfish-washpost-prod-washpost.s3.amazonaws.com/public/IPNWGSVANVBZDG2WFFCI7EVNKM.gif&w=1200,1,more,Visualizing the omicron wave striking and rolling across the country,visualizing-the-omicron-wave-striking-and-rolling-across-the-country-79164896.jpg,https://www.washingtonpost.com/wp-apps/imrs.php?src=https://arc-anglerfish-washpost-prod-washpost.s3.amazonaws.com/public/IPNWGSVANVBZDG2WFFCI7EVNKM.gif&w=1200
Satellite imagery shows the scale of the traffic congestion at the ports of Los Angeles,17-Sep-21,https://www.washingtonpost.com/business/2021/09/17/port-los-angeles-satellite/,"Satellite images show congestion at the L.A.-Long Beach port complex. Record demand for imported goods, beginning in mid-2020, coupled with shortages of truckers, shipping containers and other equipment, has slowed ship unloading and left dozens of vessels waiting offshore.",https://www.washingtonpost.com/wp-apps/imrs.php?src=https://arc-anglerfish-washpost-prod-washpost.s3.amazonaws.com/public/67U3JA7XRRCHBD3KGEIA3K7UVQ.jpg&w=1440,1,more,Satellite imagery shows the scale of the traffic congestion at the ports of Los Angeles,67U3JA7XRRCHBD3KGEIA3K7UVQ.jpg,https://www.washingtonpost.com/wp-apps/imrs.php?src=https://arc-anglerfish-washpost-prod-washpost.s3.amazonaws.com/public/67U3JA7XRRCHBD3KGEIA3K7UVQ.jpg&w=1440
Map of dry gas stations impacted by cyberattack,18-May-21,https://www.washingtonpost.com/business/interactive/2021/map-gas-shortages/,The Colonial Pipeline system fuels 45 percent of the east coast's gas supply. A recent cyberattack halted the supplier and lead to panic purchases and price spikes.,https://www.washingtonpost.com/wp-apps/imrs.php?src=https://arc-anglerfish-washpost-prod-washpost.s3.amazonaws.com/public/XXLWNEDDJFFR3K5FEGJFZZORIU.jpg&w=1200,,more,Map of dry gas stations impacted by cyberattack,XXLWNEDDJFFR3K5FEGJFZZORIU.jpg,https://www.washingtonpost.com/wp-apps/imrs.php?src=https://arc-anglerfish-washpost-prod-washpost.s3.amazonaws.com/public/XXLWNEDDJFFR3K5FEGJFZZORIU.jpg&w=1200
Satellite images show St. Vincent blanketed with volcanic ash as eruptions continue,14-Apr-21,https://www.washingtonpost.com/world/2021/04/14/st-vincent-volcano-eruption-images/,Images reveal ash covering much of the island.,https://www.washingtonpost.com/wp-apps/imrs.php?src=https://arc-anglerfish-washpost-prod-washpost.s3.amazonaws.com/public/S6IOGFE4OQI6XMXVPUXQDATVBU.jpg&w=1484,1,more,Satellite images show St. Vincent blanketed with volcanic ash as eruptions continue,satellite-images-show-st-vincent-blanketed-with-volcanic-ash-as-eruptions-continue-1dc71b1a.jpg,https://www.washingtonpost.com/wp-apps/imrs.php?src=https://arc-anglerfish-washpost-prod-washpost.s3.amazonaws.com/public/S6IOGFE4OQI6XMXVPUXQDATVBU.jpg&w=1484
"Stimulus payments will cover seven months of rent for some, less than one for others",11-Mar-21,https://www.washingtonpost.com/business/2021/03/11/latest-stimulus-payments-cover-months-rent-some-places-less-than-month-others/,"Depending on your filing status and where you live, your stimulus payment could cover multiple rent bills – or not even a full month.",https://www.washingtonpost.com/wp-apps/imrs.php?src=https://arc-anglerfish-washpost-prod-washpost.s3.amazonaws.com/public/ODNMT4ECUMI6XPRCGLJTDWDVGA.jpg&w=1484,1,more,"Stimulus payments will cover seven months of rent for some, less than one for others",ODNMT4ECUMI6XPRCGLJTDWDVGA.jpg,https://www.washingtonpost.com/wp-apps/imrs.php?src=https://arc-anglerfish-washpost-prod-washpost.s3.amazonaws.com/public/ODNMT4ECUMI6XPRCGLJTDWDVGA.jpg&w=1484
"A year of the pandemic: Sorrow, stamina, defiance, despair",11-Mar-21,https://www.washingtonpost.com/nation/interactive/2021/coronavirus-timeline/,"For most Americans, March 11 was the day the coronavirus crisis first became real. Fifty-two weeks later, millions have fallen ill and millions more have been vaccinated. More than 525,000 are dead. This timeline tells the story of a singular period in history.",https://www.washingtonpost.com/wp-apps/imrs.php?src=https://arc-anglerfish-washpost-prod-washpost.s3.amazonaws.com/public/VZDXDDCB5ZEYZP3X4FOIOINYWQ.jpg&w=1200,1,more,"A year of the pandemic: Sorrow, stamina, defiance, despair",VZDXDDCB5ZEYZP3X4FOIOINYWQ.jpg,https://www.washingtonpost.com/wp-apps/imrs.php?src=https://arc-anglerfish-washpost-prod-washpost.s3.amazonaws.com/public/VZDXDDCB5ZEYZP3X4FOIOINYWQ.jpg&w=1200
"Ahead of the inauguration, much of D.C. closed off as never before",18-Jan-21,https://www.washingtonpost.com/dc-md-va/2021/01/15/ahead-inauguration-much-dc-closed-off-like-never-before/,,https://www.washingtonpost.com/wp-apps/imrs.php?src=https://arc-anglerfish-washpost-prod-washpost.s3.amazonaws.com/public/OFYJ3YVCMJCLVI2WYPXLQCXOME.jpg&w=1484,1,more,"Ahead of the inauguration, much of D.C. closed off as never before",OFYJ3YVCMJCLVI2WYPXLQCXOME.jpg,https://www.washingtonpost.com/wp-apps/imrs.php?src=https://arc-anglerfish-washpost-prod-washpost.s3.amazonaws.com/public/OFYJ3YVCMJCLVI2WYPXLQCXOME.jpg&w=1484
The political winds in the U.S. are swirling,15-Dec-20,https://www.washingtonpost.com/graphics/2020/elections/electorate-changes-2016-election-vs-2020/,See how political shifts and changes in turnout from 2016 have affected the 2020 election across the U.S.,https://www.washingtonpost.com/wp-apps/imrs.php?src=https://arc-anglerfish-washpost-prod-washpost.s3.amazonaws.com/public/R6DQLFPM2JDIVCQWKEZQK4IIPU.png&w=1200,1,more,The political winds in the U.S. are swirling,R6DQLFPM2JDIVCQWKEZQK4IIPU.png,https://www.washingtonpost.com/wp-apps/imrs.php?src=https://arc-anglerfish-washpost-prod-washpost.s3.amazonaws.com/public/R6DQLFPM2JDIVCQWKEZQK4IIPU.png&w=1200
"How much is 250,000 deaths? Enough to empty wide swaths of the country.",20-Nov-20,https://www.washingtonpost.com/health/2020/11/20/250000-covid-deaths-map/,"250,000 people in the United States have died of covid-19, more than the population of most counties in the United States. Over 11 million confirmed cases have been reported, which is more than the combined population of multiple states.",https://www.washingtonpost.com/wp-apps/imrs.php?src=https://arc-anglerfish-washpost-prod-washpost.s3.amazonaws.com/public/OEMVBNZ33ZGQDAO5S4ILC3DUMM.jpg&w=1484,1,more,"How much is 250,000 deaths? Enough to empty wide swaths of the country.",OEMVBNZ33ZGQDAO5S4ILC3DUMM.jpg,https://www.washingtonpost.com/wp-apps/imrs.php?src=https://arc-anglerfish-washpost-prod-washpost.s3.amazonaws.com/public/OEMVBNZ33ZGQDAO5S4ILC3DUMM.jpg&w=1484
Tracking Delta,9-Oct-20,https://www.washingtonpost.com/local/2020/10/06/tracking-delta/,Maps track Hurricane Delta's trajectory and development in the Gulf of Mexico.,https://www.washingtonpost.com/wp-apps/imrs.php?src=https://arc-anglerfish-washpost-prod-washpost.s3.amazonaws.com/public/BYQ7XUAH5QI6XBYZBXYVTUKHSQ.jpg&w=1484,,more,Tracking Delta,BYQ7XUAH5QI6XBYZBXYVTUKHSQ.jpg,https://www.washingtonpost.com/wp-apps/imrs.php?src=https://arc-anglerfish-washpost-prod-washpost.s3.amazonaws.com/public/BYQ7XUAH5QI6XBYZBXYVTUKHSQ.jpg&w=1484
Is it too close to the election to confirm a Supreme Court nominee?,19-Sep-20,https://www.washingtonpost.com/politics/2020/09/19/is-it-too-close-election-confirm-supreme-court-nominee/,"Since 1975, it's taken about 71 days for a president's nomination to be confirmed in a vote on the Senate floor.",https://www.washingtonpost.com/wp-apps/imrs.php?src=https://arc-anglerfish-washpost-prod-washpost.s3.amazonaws.com/public/NKKSBY4RVNFBRILMTSZ3WGPNAY.jpg&w=1484,1,more,Is it too close to the election to confirm a Supreme Court nominee?,NKKSBY4RVNFBRILMTSZ3WGPNAY.jpg,https://www.washingtonpost.com/wp-apps/imrs.php?src=https://arc-anglerfish-washpost-prod-washpost.s3.amazonaws.com/public/NKKSBY4RVNFBRILMTSZ3WGPNAY.jpg&w=1484
Tracking Sally,16-Sep-20,https://www.washingtonpost.com/weather/2020/09/14/tracking-sally/,Tropical Storm Sally is expected to strengthen into a Category 1 hurricane before making landfall near the Louisiana-Mississippi border.,https://www.washingtonpost.com/wp-apps/imrs.php?src=https://arc-anglerfish-washpost-prod-washpost.s3.amazonaws.com/public/B4QHUUXWSQI6VBPXLFARRCUYZU.jpg&w=1484,,more,Tracking Sally,B4QHUUXWSQI6VBPXLFARRCUYZU.jpg,https://www.washingtonpost.com/wp-apps/imrs.php?src=https://arc-anglerfish-washpost-prod-washpost.s3.amazonaws.com/public/B4QHUUXWSQI6VBPXLFARRCUYZU.jpg&w=1484
Here's how California's worst-ever wildfire siege occurred,28-Aug-20,https://www.washingtonpost.com/weather/2020/08/28/heres-how-californias-worst-ever-wildfire-siege-occurred/,The recent outbreak of fires in California was caused by an extraordinary lightning barrage that hit when the state was unusually hot and dry.,https://www.washingtonpost.com/wp-apps/imrs.php?src=https://arc-anglerfish-washpost-prod-washpost.s3.amazonaws.com/public/BOV3H5XI5QI6VP2EBUY4QWBYUU.jpg&w=1484,1,more,Here's how California's worst-ever wildfire siege occurred,here-s-how-california-s-worst-ever-wildfire-siege-occurred-d3460386.jpg,https://www.washingtonpost.com/wp-apps/imrs.php?src=https://arc-anglerfish-washpost-prod-washpost.s3.amazonaws.com/public/BOV3H5XI5QI6VP2EBUY4QWBYUU.jpg&w=1484
Tracking Tropical Storm Isaias,4-Aug-20,https://www.washingtonpost.com/weather/2020/07/31/tracking-hurricane-isaias/,"Tracking Hurricane Isaias, the storm that forecasts predict will track close to the east coast.",https://www.washingtonpost.com/wp-apps/imrs.php?src=https://arc-anglerfish-washpost-prod-washpost.s3.amazonaws.com/public/CIASTP7LCNHBHD45TDJD6DZD24.png&w=1484,,more,Tracking Tropical Storm Isaias,CIASTP7LCNHBHD45TDJD6DZD24.png,https://www.washingtonpost.com/wp-apps/imrs.php?src=https://arc-anglerfish-washpost-prod-washpost.s3.amazonaws.com/public/CIASTP7LCNHBHD45TDJD6DZD24.png&w=1484
"In these states, pandemic crisis response includes attempts to stop abortion",23-Apr-20,https://www.washingtonpost.com/nation/2020/04/21/these-states-pandemic-crisis-response-includes-attempts-stop-abortion/,Several states have tried to ban abortions as part of emergency orders against elective medical procedures and nonessential businesses. Abortion rights supporters said the changes put unfair burdens on women.,https://www.washingtonpost.com/wp-apps/imrs.php?src=https://arc-anglerfish-washpost-prod-washpost.s3.amazonaws.com/public/HUZMMAHQOVDC3LF6CKQ47NWDSM.jpg&w=1484,1,more,"In these states, pandemic crisis response includes attempts to stop abortion",HUZMMAHQOVDC3LF6CKQ47NWDSM.jpg,https://www.washingtonpost.com/wp-apps/imrs.php?src=https://arc-anglerfish-washpost-prod-washpost.s3.amazonaws.com/public/HUZMMAHQOVDC3LF6CKQ47NWDSM.jpg&w=1484
How a surge of coronavirus patients could stretch hospital resources in your area,9-Apr-20,https://www.washingtonpost.com/graphics/2020/investigations/coronavirus-hospitals-data/,An analysis of U.S. hospital data shows why health officials are seeking more resources to treat coronavirus patients. See how resources in your area compare with the rest of the country.,https://www.washingtonpost.com/resizer/qlng8Fp_bQBT0rfSLUQwEtYXOwQ=/1200x630/filters:focal(792x594:1608x1206):quality(100)/arc-anglerfish-washpost-prod-washpost/EJYGQQDZ3QI6VG7OYW7Z2LRSRA.jpg,1,more,How a surge of coronavirus patients could stretch hospital resources in your area,how-a-surge-of-coronavirus-patients-could-stretch-hospital-resources-in-your-area-70877213.jpg,https://www.washingtonpost.com/resizer/qlng8Fp_bQBT0rfSLUQwEtYXOwQ=/1200x630/filters:focal(792x594:1608x1206):quality(100)/arc-anglerfish-washpost-prod-washpost/EJYGQQDZ3QI6VG7OYW7Z2LRSRA.jpg
Maps show where coronavirus started and why officials are so worried,26-Feb-20,https://www.washingtonpost.com/graphics/2020/world/amp-stories/mapping-coronavirus/,"Since late December, more than 800 cases of coronavirus have been confirmed.",promo.jpg,1,more,Maps show where coronavirus started and why officials are so worried,maps-show-where-coronavirus-started-and-why-officials-are-so-worried-4888955f.jpg,promo.jpg
Taal volcano's crater lake is nearly empty,17-Jan-20,https://www.washingtonpost.com/weather/2020/01/17/taal-volcanos-crater-lake-is-nearly-empty/,The Main Crater Lake within the Taal Volcano has disappeared.,https://www.washingtonpost.com/wp-apps/imrs.php?src=https://arc-anglerfish-washpost-prod-washpost.s3.amazonaws.com/public/2RQ7GMCI55BH7PAB7AOHERH2HE.jpg&w=1484,1,more,Taal volcano's crater lake is nearly empty,taal-volcano-s-crater-lake-is-nearly-empty-48da57b2.jpg,https://www.washingtonpost.com/wp-apps/imrs.php?src=https://arc-anglerfish-washpost-prod-washpost.s3.amazonaws.com/public/2RQ7GMCI55BH7PAB7AOHERH2HE.jpg&w=1484
How the process worked when Trump was impeached the first time,16-Jan-20,https://www.washingtonpost.com/politics/2019/09/25/how-impeachment-works/,There are many steps to impeach and remove a president.,https://www.washingtonpost.com/wp-apps/imrs.php?src=https://arc-anglerfish-washpost-prod-washpost.s3.amazonaws.com/public/CKIXBTAI7NAXFN5D23JI7NWXPM.jpg&w=1484,,more,How the process worked when Trump was impeached the first time,CKIXBTAI7NAXFN5D23JI7NWXPM.jpg,https://www.washingtonpost.com/wp-apps/imrs.php?src=https://arc-anglerfish-washpost-prod-washpost.s3.amazonaws.com/public/CKIXBTAI7NAXFN5D23JI7NWXPM.jpg&w=1484
A timeline of the escalation in the Middle East,8-Jan-20,https://www.washingtonpost.com/world/2020/01/08/timeline-escalation-middle-east/,"In May 2018, the United States withdrew from the Iran nuclear deal. Throughout 2019, economic sanctions were imposed as part of President Trump's maximum pressure campaign, further escalating tensions in the region.",https://www.washingtonpost.com/wp-apps/imrs.php?src=https://arc-anglerfish-washpost-prod-washpost.s3.amazonaws.com/public/NX7VJNBMR4I6VP76AIGIRM7REA.jpg&w=1484,1,more,A timeline of the escalation in the Middle East,a-timeline-of-the-escalation-in-the-middle-east-3c23ad7c.jpg,https://www.washingtonpost.com/wp-apps/imrs.php?src=https://arc-anglerfish-washpost-prod-washpost.s3.amazonaws.com/public/NX7VJNBMR4I6VP76AIGIRM7REA.jpg&w=1484
ISIS at the crossroads,24-Dec-19,https://www.washingtonpost.com/graphics/2019/world/whats-next-isis/,"Across many parts of the vast territory it once controlled, the Islamic State is scrambling to reassert its presence. The coming months could determine whether it is fatally crippled or poised for a comeback.",https://www.washingtonpost.com/resizer/VRlrY4Grg1xR0_TzMatONaG9BQ0=/arc-anglerfish-washpost-prod-washpost/public/YKLAGLRAZUI6VMBU3Z64FNIZTM.jpg,1,more,ISIS at the crossroads,isis-at-the-crossroads-31ac5bf0.jpg,https://www.washingtonpost.com/resizer/VRlrY4Grg1xR0_TzMatONaG9BQ0=/arc-anglerfish-washpost-prod-washpost/public/YKLAGLRAZUI6VMBU3Z64FNIZTM.jpg
Where Christmas trees come from,12-Dec-19,https://www.washingtonpost.com/nation/2019/12/12/where-christmas-trees-come/,"Every year, millions of Americans purchase and decorate Christmas trees to ring in the holiday season. Whether they are bought at a lawn and garden store, pop-up lot, or harvested from a tree farm or national forest, a live tree is an integral part of the tradition for many families.",https://www.washingtonpost.com/wp-apps/imrs.php?src=https://arc-anglerfish-washpost-prod-washpost.s3.amazonaws.com/public/XHPHM2JQORGPPPXMPPU4M3IQJI.jpg&w=1484,1,more,Where Christmas trees come from,XHPHM2JQORGPPPXMPPU4M3IQJI.jpg,https://www.washingtonpost.com/wp-apps/imrs.php?src=https://arc-anglerfish-washpost-prod-washpost.s3.amazonaws.com/public/XHPHM2JQORGPPPXMPPU4M3IQJI.jpg&w=1484
Dipping low: Washington's historical winter temperatures,4-Dec-19,https://www.washingtonpost.com/weather/2019/12/04/dipping-low-washingtons-historical-winter-temperatures/,"Winter weather in Washington can be tricky to predict, but if we look to the past we can see clear indications what to expect when it comes to temperatures and snow.",https://www.washingtonpost.com/wp-apps/imrs.php?src=https://arc-anglerfish-washpost-prod-washpost.s3.amazonaws.com/public/7YD6NT7Z2VGGBNKHPG64D2MBX4.png&w=1484,1,more,Dipping low: Washington's historical winter temperatures,dipping-low-washington-s-historical-winter-temperatures-0495d5bb.jpg,https://www.washingtonpost.com/wp-apps/imrs.php?src=https://arc-anglerfish-washpost-prod-washpost.s3.amazonaws.com/public/7YD6NT7Z2VGGBNKHPG64D2MBX4.png&w=1484
North Carolina has a new congressional map for 2020,3-Dec-19,https://www.washingtonpost.com/politics/2019/12/03/north-carolinas-new-congressional-map-shifts-two-seats-toward-democrats/,The new districts probably won't end controversy over partisan gerrymandering in the state.,https://www.washingtonpost.com/wp-apps/imrs.php?src=https://arc-anglerfish-washpost-prod-washpost.s3.amazonaws.com/public/3H3YV7MT7FEFRM3HTXE7GAQSSI.jpg&w=1484,1,more,North Carolina has a new congressional map for 2020,3H3YV7MT7FEFRM3HTXE7GAQSSI.jpg,https://www.washingtonpost.com/wp-apps/imrs.php?src=https://arc-anglerfish-washpost-prod-washpost.s3.amazonaws.com/public/3H3YV7MT7FEFRM3HTXE7GAQSSI.jpg&w=1484
"Read the text message excerpts between U.S. diplomats, Giuliani and a Ukrainian aide",4-Oct-19,https://www.washingtonpost.com/politics/2019/10/04/read-text-message-excerpts-between-us-diplomats-giuliani-ukrainian-aide/,"The excerpts, provided by former U.S. diplomat to Ukraine Kurt Volker, were released by House Democratic investigators following a 10-hour deposition on Thursday.",https://www.washingtonpost.com/wp-apps/imrs.php?src=https://arc-anglerfish-washpost-prod-washpost.s3.amazonaws.com/public/6ODWRVMKIRGRFMPFBNGOO7TSV4.jpg&w=1484,,more,"Read the text message excerpts between U.S. diplomats, Giuliani and a Ukrainian aide",6ODWRVMKIRGRFMPFBNGOO7TSV4.jpg,https://www.washingtonpost.com/wp-apps/imrs.php?src=https://arc-anglerfish-washpost-prod-washpost.s3.amazonaws.com/public/6ODWRVMKIRGRFMPFBNGOO7TSV4.jpg&w=1484
Who's who in the whistleblower complaint,1-Oct-19,https://www.washingtonpost.com/politics/2019/09/27/whos-who-whistleblower-complaint/,The people and events described in the whistleblower complaint.,https://www.washingtonpost.com/wp-apps/imrs.php?src=https://d1i4t8bqe7zgj6.cloudfront.net/09-24-2019/t_cfe90df46a7141c8954c9f6011d229af_name_1c23ba34_df11_11e9_be7f_4cc85017c36f.jpg&w=1484,1,more,Who's who in the whistleblower complaint,who-s-who-in-the-whistleblower-complaint-2be7f730.jpg,https://www.washingtonpost.com/wp-apps/imrs.php?src=https://d1i4t8bqe7zgj6.cloudfront.net/09-24-2019/t_cfe90df46a7141c8954c9f6011d229af_name_1c23ba34_df11_11e9_be7f_4cc85017c36f.jpg&w=1484
Tracking Hurricane Dorian,6-Sep-19,https://www.washingtonpost.com/local/2019/08/28/tracking-dorian/,Dorian's nearly two weeks of destruction is expected to end over the weekend.,https://www.washingtonpost.com/wp-apps/imrs.php?src=https://arc-anglerfish-washpost-prod-washpost.s3.amazonaws.com/public/OVVYA37B65HMXCOPQBZLPDR4XE.png&w=1484,,more,Tracking Hurricane Dorian,OVVYA37B65HMXCOPQBZLPDR4XE.png,https://www.washingtonpost.com/wp-apps/imrs.php?src=https://arc-anglerfish-washpost-prod-washpost.s3.amazonaws.com/public/OVVYA37B65HMXCOPQBZLPDR4XE.png&w=1484
Satellite images show the destruction of Dorian in the Bahamas,5-Sep-19,https://www.washingtonpost.com/weather/2019/09/05/satellite-images-show-destruction-dorian-bahamas/,Satellite images show the destruction of the Abaco Islands in the Bahamas.,https://www.washingtonpost.com/wp-apps/imrs.php?src=https://arc-anglerfish-washpost-prod-washpost.s3.amazonaws.com/public/SZSMIXPU3JE67GHYABG4VT3I6M.jpg&w=1484,1,more,Satellite images show the destruction of Dorian in the Bahamas,SZSMIXPU3JE67GHYABG4VT3I6M.jpg,https://www.washingtonpost.com/wp-apps/imrs.php?src=https://arc-anglerfish-washpost-prod-washpost.s3.amazonaws.com/public/SZSMIXPU3JE67GHYABG4VT3I6M.jpg&w=1484
We're at the peak of the global fire season,30-Aug-19,https://www.washingtonpost.com/climate-environment/2019/08/30/were-peak-global-fire-season/,"According to an analysis of NASA data, the global fire season peaks every year in July and August.",https://www.washingtonpost.com/wp-apps/imrs.php?src=https://arc-anglerfish-washpost-prod-washpost.s3.amazonaws.com/public/SYBNXQWJVII6TFQVR4NDFFROAQ.jpg&w=1484,1,more,We're at the peak of the global fire season,we-re-at-the-peak-of-the-global-fire-season-5decc9ff.jpg,https://www.washingtonpost.com/wp-apps/imrs.php?src=https://arc-anglerfish-washpost-prod-washpost.s3.amazonaws.com/public/SYBNXQWJVII6TFQVR4NDFFROAQ.jpg&w=1484
Why might Trump want to buy Greenland? Take a visual tour.,16-Aug-19,https://www.washingtonpost.com/graphics/2019/world/amp-stories/photo-tour-and-facts-about-greenland/,"Fewer than 60,000 people live on the mostly ice-covered island.",https://www.washingtonpost.com/resizer/tj5Z2A5zAlC8YR6nMQ8UakAGLQw=/arc-anglerfish-washpost-prod-washpost/public/GK5EBTWAKMI6TKFQP3MKBVO4LU.jpg,1,more,Why might Trump want to buy Greenland? Take a visual tour.,why-might-trump-want-to-buy-greenland-take-a-visual-tour-16cbe6dc.jpg,https://www.washingtonpost.com/resizer/tj5Z2A5zAlC8YR6nMQ8UakAGLQw=/arc-anglerfish-washpost-prod-washpost/public/GK5EBTWAKMI6TKFQP3MKBVO4LU.jpg
Sites grounded in science to visit across the U.S.,16-Aug-19,https://www.washingtonpost.com/graphics/2019/health/science/science-trip-12-sites-across-country/,"We visited locations that reveal the beauty, mystery, wildness and audacity of science.",https://www.washingtonpost.com/resizer/nW_3XMoKtJ8RSHX9Es_BJmuT4r8=/arc-anglerfish-washpost-prod-washpost/QHJKNCV7QQI6TKFQP3MKBVO4LU.jpg,,more,Sites grounded in science to visit across the U.S.,QHJKNCV7QQI6TKFQP3MKBVO4LU.jpg,https://www.washingtonpost.com/resizer/nW_3XMoKtJ8RSHX9Es_BJmuT4r8=/arc-anglerfish-washpost-prod-washpost/QHJKNCV7QQI6TKFQP3MKBVO4LU.jpg
The smelly seaweed that turned Mexican beaches into a rancid mess,15-Aug-19,https://www.washingtonpost.com/graphics/2019/world/amp-stories/seaweed-invasion/,"A birds-eye view of how tons of rancid seaweed clogged the white sand beaches of the Mexican Riviera, ruining vacations and devastating businesses.",https://www.washingtonpost.com/graphics/2019/world/amp-stories/seaweed-invasion/img/promo.jpg,1,more,The smelly seaweed that turned Mexican beaches into a rancid mess,the-smelly-seaweed-that-turned-mexican-beaches-into-a-rancid-mess-08ef5524.jpg,https://www.washingtonpost.com/graphics/2019/world/amp-stories/seaweed-invasion/img/promo.jpg
How many pain pills went to your pharmacy?,12-Aug-19,https://www.washingtonpost.com/graphics/2019/investigations/pharmacies-pain-pill-map/,"Look up data on nearly 83,000 pharmacies at the front lines of the opioid crisis.",https://www.washingtonpost.com/r/2010-2019/WashingtonPost/2019/08/06/Investigative/Graphics/2300-pharmacies-map-promo.jpg,1,more,How many pain pills went to your pharmacy?,how-many-pain-pills-went-to-your-pharmacy-c4994767.jpg,https://www.washingtonpost.com/r/2010-2019/WashingtonPost/2019/08/06/Investigative/Graphics/2300-pharmacies-map-promo.jpg
Abortion access is more difficult for women in poverty,10-Jul-19,https://www.washingtonpost.com/national/2019/07/10/abortion-access-is-more-difficult-women-poverty/,"Poor women consistently face longer drives and more difficult access to abortion services, according to Post analysis of drive-time zones around abortion providers. US Supreme Court says regulation cannot create an undue burden for women exercising their Constitutional right to abortion, but the analysis shows that the burden is consistently harder on poor women.",https://www.washingtonpost.com/wp-apps/imrs.php?src=https://arc-anglerfish-washpost-prod-washpost.s3.amazonaws.com/public/LI5VRLIHPVA7ZONKOV7QNCKA44.jpg&w=1484,,more,Abortion access is more difficult for women in poverty,LI5VRLIHPVA7ZONKOV7QNCKA44.jpg,https://www.washingtonpost.com/wp-apps/imrs.php?src=https://arc-anglerfish-washpost-prod-washpost.s3.amazonaws.com/public/LI5VRLIHPVA7ZONKOV7QNCKA44.jpg&w=1484
"After a biblical spring, this is the week that could break the Corn Belt",4-Jun-19,https://www.washingtonpost.com/local/2019/06/04/after-biblical-spring-this-is-week-that-could-break-corn-belt/,"Farmers in America's corn and soy belts have faced up to four times as much rain as they normally get in the last two months, making it difficult to plant their crops.",https://www.washingtonpost.com/wp-apps/imrs.php?src=https://arc-anglerfish-washpost-prod-washpost.s3.amazonaws.com/public/B5KSYU4W25EHXM7P4WDVNHEMJU.jpg&w=1484,1,more,"After a biblical spring, this is the week that could break the Corn Belt",B5KSYU4W25EHXM7P4WDVNHEMJU.jpg,https://www.washingtonpost.com/wp-apps/imrs.php?src=https://arc-anglerfish-washpost-prod-washpost.s3.amazonaws.com/public/B5KSYU4W25EHXM7P4WDVNHEMJU.jpg&w=1484
The widening gap in abortion laws in this country,28-May-19,https://www.washingtonpost.com/nation/2019/05/09/which-states-are-blocking-abortion-and-which-are-enacting-protections/,Several states recently passed laws that further restrict access to abortions.,https://www.washingtonpost.com/wp-apps/imrs.php?src=https://arc-anglerfish-washpost-prod-washpost.s3.amazonaws.com/public/X4BBHCPG6ZETHHQ7BNTK325PCA.jpg&w=1484,1,more,The widening gap in abortion laws in this country,X4BBHCPG6ZETHHQ7BNTK325PCA.jpg,https://www.washingtonpost.com/wp-apps/imrs.php?src=https://arc-anglerfish-washpost-prod-washpost.s3.amazonaws.com/public/X4BBHCPG6ZETHHQ7BNTK325PCA.jpg&w=1484
A record number of measles cases is hitting the U.S. this year. Who is being affected?,6-May-19,https://www.washingtonpost.com/graphics/2019/health/measles-who-is-being-affected/,The rising number of measles cases this year is by far the most since successful vaccination led to elimination of the disease in this country almost two decades ago.,https://www.washingtonpost.com/r/2010-2019/WashingtonPost/2019/05/06/Health-Environment-Science/Graphics/promo-measles-who-is-being-affected0506.jpg,,more,A record number of measles cases is hitting the U.S. this year. Who is being affected?,promo-measles-who-is-being-affected0506.jpg,https://www.washingtonpost.com/r/2010-2019/WashingtonPost/2019/05/06/Health-Environment-Science/Graphics/promo-measles-who-is-being-affected0506.jpg
Mapping America's wicked weather and deadly disasters,25-Apr-19,http://www.washingtonpost.com/graphics/2019/national/mapping-disasters/,There is no place in America is totally safe from all natural disasters.,https://www.washingtonpost.com/r/2010-2019/WashingtonPost/2019/04/24/National-Enterprise/Graphics/2300-disasters-promo.jpg,1,more,Mapping America's wicked weather and deadly disasters,mapping-america-s-wicked-weather-and-deadly-disasters-d208479d.jpg,https://www.washingtonpost.com/r/2010-2019/WashingtonPost/2019/04/24/National-Enterprise/Graphics/2300-disasters-promo.jpg
Before and after: Iconic Notre Dame Cathedral scorched by blaze,16-Apr-19,https://www.washingtonpost.com/world/2019/04/16/before-after-photos-inside-notre-dame-cathedral-show-fires-devastation/,Images show the damage at the cathedral in Paris.,https://www.washingtonpost.com/wp-apps/imrs.php?src=https://arc-anglerfish-washpost-prod-washpost.s3.amazonaws.com/public/DP7LVHH73ZCZHBQTBWCWBDE6IU.jpg&w=1484,1,more,Before and after: Iconic Notre Dame Cathedral scorched by blaze,DP7LVHH73ZCZHBQTBWCWBDE6IU.jpg,https://www.washingtonpost.com/wp-apps/imrs.php?src=https://arc-anglerfish-washpost-prod-washpost.s3.amazonaws.com/public/DP7LVHH73ZCZHBQTBWCWBDE6IU.jpg&w=1484
A snapshot of where migrants go after release into the United States,12-Apr-19,https://www.washingtonpost.com/immigration/2019/04/13/snapshot-where-migrants-go-after-release-into-united-states/,"Annunciation House, a nonprofit organization, recorded where 1,545 migrants went after leaving an El Paso shelter during the month of February. Many went to the Southeast and Midwest, not traditional landing spots for migrants.",https://www.washingtonpost.com/wp-apps/imrs.php?src=https://arc-anglerfish-washpost-prod-washpost.s3.amazonaws.com/public/J2VH3NMSSVFHROKKNFKRCO5VKE.jpg&w=1440,1,more,A snapshot of where migrants go after release into the United States,J2VH3NMSSVFHROKKNFKRCO5VKE.jpg,https://www.washingtonpost.com/wp-apps/imrs.php?src=https://arc-anglerfish-washpost-prod-washpost.s3.amazonaws.com/public/J2VH3NMSSVFHROKKNFKRCO5VKE.jpg&w=1440
Satellite images capture D.C.'s cherry blossoms at peak bloom,2-Apr-19,https://www.washingtonpost.com/weather/2019/04/02/satellite-images-capture-dcs-cherry-blossoms-peak-bloom/,Satellite images captured the cherry blossoms at their peak.,https://www.washingtonpost.com/wp-apps/imrs.php?src=https://arc-anglerfish-washpost-prod-washpost.s3.amazonaws.com/public/EHS2IOHS3JBOJJX5E7CW46EAKY.jpg&w=1484,1,more,Satellite images capture D.C.'s cherry blossoms at peak bloom,EHS2IOHS3JBOJJX5E7CW46EAKY.jpg,https://www.washingtonpost.com/wp-apps/imrs.php?src=https://arc-anglerfish-washpost-prod-washpost.s3.amazonaws.com/public/EHS2IOHS3JBOJJX5E7CW46EAKY.jpg&w=1484
Satellite images show the devastating floods in the Midwest,19-Mar-19,https://www.washingtonpost.com/weather/2019/03/19/satellite-images-show-devastating-floods-midwest/,Satellite images show the extent of flooding in the midwest,https://www.washingtonpost.com/wp-apps/imrs.php?src=https://arc-anglerfish-washpost-prod-washpost.s3.amazonaws.com/public/ANOYXYUDBJC25FWYZUAZKI3274.jpg&w=1440,1,more,Satellite images show the devastating floods in the Midwest,ANOYXYUDBJC25FWYZUAZKI3274.jpg,https://www.washingtonpost.com/wp-apps/imrs.php?src=https://arc-anglerfish-washpost-prod-washpost.s3.amazonaws.com/public/ANOYXYUDBJC25FWYZUAZKI3274.jpg&w=1440
Where the plane model that crashed in Ethiopia flies,11-Mar-19,https://www.washingtonpost.com/transportation/2019/03/12/where-plane-model-that-crashed-ethiopia-flies/,The causes and consequences of the Boeing 737 Max 8 crash: why it crashed and how different countries are responding to the accident.,https://www.washingtonpost.com/wp-apps/imrs.php?src=https://arc-anglerfish-washpost-prod-washpost.s3.amazonaws.com/public/PFXBVBYG6BA6PLQJ2UPUTZPT7U.jpg&w=1484,1,more,Where the plane model that crashed in Ethiopia flies,PFXBVBYG6BA6PLQJ2UPUTZPT7U.jpg,https://www.washingtonpost.com/wp-apps/imrs.php?src=https://arc-anglerfish-washpost-prod-washpost.s3.amazonaws.com/public/PFXBVBYG6BA6PLQJ2UPUTZPT7U.jpg&w=1484
The trouble with Kashmir,28-Feb-19,http://www.washingtonpost.com/graphics/2019/world/india-pakistan-conflict/,"The issue of sovereignty has remained unresolved because both India and Pakistan claim Kashmir, but each controls only a part.",https://www.washingtonpost.com/rf/image_982w/2010-2019/WashingtonPost/2019/02/28/Foreign/Graphics/promo-india-pakistan-conflict0228.jpg,1,more,The trouble with Kashmir,the-trouble-with-kashmir-136915d7.jpg,https://www.washingtonpost.com/rf/image_982w/2010-2019/WashingtonPost/2019/02/28/Foreign/Graphics/promo-india-pakistan-conflict0228.jpg
Where the new law permits - and prevents - border barriers,16-Feb-19,http://www.washingtonpost.com/graphics/2019/politics/trump-allowed-wall/,"The 55 miles of new barriers authorized under the new government spending bill will be built in the easternmost section of the border, the Rio Grande Valley Sector. But there are some caveats.",https://www.washingtonpost.com/r/2010-2019/WashingtonPost/2019/02/15/National-Politics/Graphics/2300-promo-trump-allowed-wall.jpg,1,more,Where the new law permits - and prevents - border barriers,where-the-new-law-permits-and-prevents-border-barriers-2328ad9f.jpg,https://www.washingtonpost.com/r/2010-2019/WashingtonPost/2019/02/15/National-Politics/Graphics/2300-promo-trump-allowed-wall.jpg
The Rio Grande is where new barriers will soon be erected along the southern border,11-Feb-19,http://www.washingtonpost.com/graphics/2019/national/border-wall-construction/,Efforts are already underway to shore up sections of the southern border in two Texas counties,https://www.washingtonpost.com/graphics/2019/national/border-wall-construction/border-construction-promo.jpg,1,more,The Rio Grande is where new barriers will soon be erected along the southern border,border-construction-promo.jpg,https://www.washingtonpost.com/graphics/2019/national/border-wall-construction/border-construction-promo.jpg
Some of the coldest air in the world is decending on the Midwest,30-Jan-19,http://www.washingtonpost.com/graphics/2019/national/polar-vortex-globe/,"On Thursday, record-setting cold will park itself atop the Midwest. Chicago is looking at one of its coldest days in city history and, along with Minneapolis, will be colder than Siberia, Mount Everest, and the McMurdo research station in Antarctica.",https://www.washingtonpost.com/graphics/2019/national/polar-vortex-globe/img/usa-vortex-promo.jpg,1,more,Some of the coldest air in the world is decending on the Midwest,usa-vortex-promo.jpg,https://www.washingtonpost.com/graphics/2019/national/polar-vortex-globe/img/usa-vortex-promo.jpg
The Camp Fire's damage goes beyond what satellites can show,21-Nov-18,http://www.washingtonpost.com/graphics/2018/national/camp-fire-before-after/,"The Camp Fire ignited Nov. 8 in Northern California and quickly blew through the small town of Paradise, becoming the deadliest and most destructive fire in the state's history.",https://www.washingtonpost.com/rf/image_982w/2010-2019/WashingtonPost/2018/11/21/National-Enterprise/Graphics/paradise-before-after-promo.jpg,1,more,The Camp Fire's damage goes beyond what satellites can show,the-camp-fire-s-damage-goes-beyond-what-satellites-can-show-a2c0935d.jpg,https://www.washingtonpost.com/rf/image_982w/2010-2019/WashingtonPost/2018/11/21/National-Enterprise/Graphics/paradise-before-after-promo.jpg
How Russia avoids sanctions and supports rebels in eastern Ukraine using a financial system,21-Nov-18,https://www.washingtonpost.com/news/world/wp/2018/11/21/feature/how-russia-avoids-sanctions-and-supports-rebels-in-eastern-ukraine-using-a-financial-system/,How a breakaway region near the Black Sea is helping Russia support rebels in eastern Ukraine.,https://www.washingtonpost.com/pbox.php?url=http://www.washingtonpost.com/news/world/wp-content/uploads/sites/7/2018/11/russiablacksea020crop.jpg&w=1484&op=resize&opt=1&filter=antialias&t=20170517,,more,How Russia avoids sanctions and supports rebels in eastern Ukraine using a financial system,pbox.php,https://www.washingtonpost.com/pbox.php?url=http://www.washingtonpost.com/news/world/wp-content/uploads/sites/7/2018/11/russiablacksea020crop.jpg&w=1484&op=resize&opt=1&filter=antialias&t=20170517
Mapping the Camp and Woolsey Fires in California,12-Nov-18,http://www.washingtonpost.com/graphics/2018/national/california-wildfires-maps/,"The Camp Fire, near Chico, started early Nov. 8 and has already burned more than 100,000 acres. The Woolsey Fire northwest of Los Angeles is threatening Malibu and Thousand Oaks.",https://www.washingtonpost.com/r/2010-2019/WashingtonPost/2018/11/12/National-Enterprise/Graphics/2300promo-california-wildfire-maps1112.jpg,,more,Mapping the Camp and Woolsey Fires in California,2300promo-california-wildfire-maps1112.jpg,https://www.washingtonpost.com/r/2010-2019/WashingtonPost/2018/11/12/National-Enterprise/Graphics/2300promo-california-wildfire-maps1112.jpg
2018 House election results: Virginia and Maryland,8-Nov-18,http://www.washingtonpost.com/graphics/2018/politics/maryland-virginia-precincts-elections/,Two obvious takeaways for area voters are that Virginia became a bit bluer and Maryland maintained the status quo. But a deeper look shows that both those results were driven by the electoral oomph of middle-class and wealthy suburban voters.,https://www.washingtonpost.com/r/2010-2019/WashingtonPost/2018/11/08/Local-Politics/Graphics/2300-promo-va-md-results.jpg,1,more,2018 House election results: Virginia and Maryland,2018-house-election-results-virginia-and-maryland-ed3b1aa1.jpg,https://www.washingtonpost.com/r/2010-2019/WashingtonPost/2018/11/08/Local-Politics/Graphics/2300-promo-va-md-results.jpg
How Ted Cruz held off Beto O'Rourke in Texas,7-Nov-18,http://www.washingtonpost.com/graphics/2018/politics/texas-election-results-analysis/,The marquee senate race was one of several key victories for Republicans.,https://www.washingtonpost.com/graphics/2018/politics/texas-election-results-analysis/img/texas-senate-analysis-promo.jpg,1,more,How Ted Cruz held off Beto O'Rourke in Texas,how-ted-cruz-held-off-beto-o-rourke-in-texas-1e71d89a.jpg,https://www.washingtonpost.com/graphics/2018/politics/texas-election-results-analysis/img/texas-senate-analysis-promo.jpg
Summer rainfall: opposite extremes split the nation,26-Sep-18,http://www.washingtonpost.com/graphics/2018/national/summer-rain/,"It's been a wet one, unless, of course, it's been a dry one.",https://www.washingtonpost.com/r/2010-2019/WashingtonPost/2018/09/25/National-Enterprise/Graphics/2300-promo-summer-rain0925.jpg,1,more,Summer rainfall: opposite extremes split the nation,summer-rainfall-opposite-extremes-split-the-nation-0ef64acb.jpg,https://www.washingtonpost.com/r/2010-2019/WashingtonPost/2018/09/25/National-Enterprise/Graphics/2300-promo-summer-rain0925.jpg
Why North Carolina's House Districts may be redrawn,31-Aug-18,http://www.washingtonpost.com/graphics/2018/politics/north-carolina-redistricting/,"On Aug. 27, a panel of federal judges ordered North Carolina to draw new districts -- just 10 weeks before Nov. 6 -- throwing the election into chaos.",https://www.washingtonpost.com/r/2010-2019/WashingtonPost/2018/08/31/National-Politics/Graphics/2300-ncgerrymandering0831.jpg,1,more,Why North Carolina's House Districts may be redrawn,why-north-carolina-s-house-districts-may-be-redrawn-9da8f43f.jpg,https://www.washingtonpost.com/r/2010-2019/WashingtonPost/2018/08/31/National-Politics/Graphics/2300-ncgerrymandering0831.jpg
360-degree drone images show the devastation of the Carr Fire,10-Aug-18,http://www.washingtonpost.com/graphics/2018/national/carr-fire-360/,,https://www.washingtonpost.com/graphics/2018/national/carr-fire-360/img/promo-Carr360-0810.jpg,1,more,360-degree drone images show the devastation of the Carr Fire,360-degree-drone-images-show-the-devastation-of-the-carr-fire-99b73869.jpg,https://www.washingtonpost.com/graphics/2018/national/carr-fire-360/img/promo-Carr360-0810.jpg
California took a radical step to fix gerrymandering. Did it work?,13-Jun-18,http://www.washingtonpost.com/graphics/2018/national/gerrymandering-in-california-where-do-you-draw-the-lines/,"In most states, elected officials draw district lines to benefit politicians or parties. But California handed that power to ordinary citizens and other states are considering it.",https://www.washingtonpost.com/graphics/2018/national/gerrymandering-in-california-where-do-you-draw-the-lines/img/gerrymandering-social.jpg,1,more,California took a radical step to fix gerrymandering. Did it work?,gerrymandering-social.jpg,https://www.washingtonpost.com/graphics/2018/national/gerrymandering-in-california-where-do-you-draw-the-lines/img/gerrymandering-social.jpg
Five reasons the crisis in Yemen matters,8-Jun-18,http://www.washingtonpost.com/graphics/2018/world/why-yemen-matters/,"Long overshadowed by conflicts and intrigues elsewhere in the Middle East, Yemen is increasingly hard to ignore.",https://www.washingtonpost.com/graphics/2018/world/why-yemen-matters/img/yemen-promo.jpg,1,more,Five reasons the crisis in Yemen matters,yemen-promo.jpg,https://www.washingtonpost.com/graphics/2018/world/why-yemen-matters/img/yemen-promo.jpg
A net result?,27-May-18,http://www.washingtonpost.com/graphics/2018/sports/holtby-fleury/,Seven-game series often have turned on the play of the goaltenders. Here's how the starting netminders for the Capitals and Golden Knights compare,https://www.washingtonpost.com/graphics/2018/sports/holtby-fleury/img/holtby-fluery-promo.jpg,1,more,A net result?,a-net-result-01479a06.jpg,https://www.washingtonpost.com/graphics/2018/sports/holtby-fleury/img/holtby-fluery-promo.jpg
Gaza's deadly border,15-May-18,https://www.washingtonpost.com/news/world/wp/2018/05/15/feature/gazas-deadly-border/,Tens of thousands of Palestinians gathered near the fence separating Gaza from Israel. More than 60 Palestinians were killed by Israeli security forces after the demonstrations turned violent.,https://www.washingtonpost.com/pbox.php?url=http://www.washingtonpost.com/news/world/wp-content/uploads/sites/7/2018/05/nassargaza.jpg&w=1484&op=resize&opt=1&filter=antialias&t=20170517,,more,Gaza's deadly border,pbox.php,https://www.washingtonpost.com/pbox.php?url=http://www.washingtonpost.com/news/world/wp-content/uploads/sites/7/2018/05/nassargaza.jpg&w=1484&op=resize&opt=1&filter=antialias&t=20170517
?There?s too many men?; What happens when women are outnumbered on a massive scale,18-Apr-18,http://www.washingtonpost.com/graphics/2018/world/too-many-men/,China and India have 70 million more men than women. The consequences are far-reaching.,https://www.washingtonpost.com/rf/image_1024w/2010-2019/WashingtonPost/2018/04/17/Production/Daily/Sports/Images/toomanymen-shareimage.jpg,,more,?There?s too many men?; What happens when women are outnumbered on a massive scale,toomanymen-shareimage.jpg,https://www.washingtonpost.com/rf/image_1024w/2010-2019/WashingtonPost/2018/04/17/Production/Daily/Sports/Images/toomanymen-shareimage.jpg
The Washington Post stories that preceded Trump?s tweets about Amazon,5-Apr-18,http://www.washingtonpost.com/graphics/2018/politics/trump-tweets-amazon-washington-post/,"Since taking office, President Trump has not been shy about expressing his thoughts on Twitter.",https://www.washingtonpost.com/graphics/2018/politics/trump-tweets-amazon-washington-post/img/2300trumptweetpromo.jpg,,more,The Washington Post stories that preceded Trump?s tweets about Amazon,2300trumptweetpromo.jpg,https://www.washingtonpost.com/graphics/2018/politics/trump-tweets-amazon-washington-post/img/2300trumptweetpromo.jpg
"A powerful gay activist, a rural conservative town and a civil rights debate that won't end",2-Apr-18,https://www.washingtonpost.com/news/style/wp/2018/04/02/feature/the-last-frontier-for-gay-rights/,"This rural, North Carolina community has strong ties to Christianity — and a factory owned by LGBT advocate Mitchell Gold.",https://www.washingtonpost.com/pbox.php?url=http://www.washingtonpost.com/news/style/wp-content/uploads/sites/4/2018/03/w-goldshare2.jpg&w=1484&op=resize&opt=1&filter=antialias&t=20170517,,more,"A powerful gay activist, a rural conservative town and a civil rights debate that won't end",pbox.php,https://www.washingtonpost.com/pbox.php?url=http://www.washingtonpost.com/news/style/wp-content/uploads/sites/4/2018/03/w-goldshare2.jpg&w=1484&op=resize&opt=1&filter=antialias&t=20170517
This map shows every inch of snow that fell on the lower 48 this year,23-Mar-18,http://www.washingtonpost.com/graphics/2018/national/snow-accumulation/,The 2017-18 winter was one for the record books,https://www.washingtonpost.com/r/2010-2019/WashingtonPost/2018/03/23/Health-Environment-Science/Graphics/promo-SnowAccum2018.jpg,1,more,This map shows every inch of snow that fell on the lower 48 this year,this-map-shows-every-inch-of-snow-that-fell-on-the-lower-48-this-year-1d5e7186.jpg,https://www.washingtonpost.com/r/2010-2019/WashingtonPost/2018/03/23/Health-Environment-Science/Graphics/promo-SnowAccum2018.jpg
Islamic State fighters returning home,22-Feb-18,http://www.washingtonpost.com/graphics/2018/world/isis-returning-fighters/,"Now that the Islamic State has fallen in Iraq and Syria, where its remaining fighters going?",https://www.washingtonpost.com/graphics/2018/world/isis-returning-fighters/img/2300-foreignfighters-promo.jpg,1,more,Islamic State fighters returning home,2300-foreignfighters-promo.jpg,https://www.washingtonpost.com/graphics/2018/world/isis-returning-fighters/img/2300-foreignfighters-promo.jpg
Mapping the perfect U.S. winter Olympic city,26-Jan-18,http://www.washingtonpost.com/graphics/2018/national/happy-700-american-pyeongchang/,"South Koreans say this year?s Olympic host is at the perfect elevation. In the U.S., this Idaho city measures up best",https://www.washingtonpost.com/graphics/2018/national/happy-700-american-pyeongchang/img/happy-700-promo.jpg,1,more,Mapping the perfect U.S. winter Olympic city,happy-700-promo.jpg,https://www.washingtonpost.com/graphics/2018/national/happy-700-american-pyeongchang/img/happy-700-promo.jpg
Before and after photos of the mudslides in Montecito,12-Jan-18,http://www.washingtonpost.com/graphics/2018/national/montecito-before-after/,"Just days after intense rains triggered deadly mudslides in Montecito, satellite images reveal the destruction.",https://www.washingtonpost.com/graphics/2018/national/montecito-before-after/img/2300-Montecito_Bef_Aft-promo.jpg,1,more,Before and after photos of the mudslides in Montecito,2300-Montecito_Bef_Aft-promo.jpg,https://www.washingtonpost.com/graphics/2018/national/montecito-before-after/img/2300-Montecito_Bef_Aft-promo.jpg
What made North Korea's weapons programs so much scarier in 2017,21-Dec-17,https://www.washingtonpost.com/news/worldviews/wp/2017/12/21/what-made-north-koreas-weapons-programs-so-much-scarier-in-2017/,North Korea's missile and nuclear weapons program went from silly to scary this year. What's next?,https://www.washingtonpost.com/wp-apps/imrs.php?src=http://www.washingtonpost.com/blogs/worldviews/files/2017/12/image-1.png&w=1440,1,more,What made North Korea's weapons programs so much scarier in 2017,image-1.png,https://www.washingtonpost.com/wp-apps/imrs.php?src=http://www.washingtonpost.com/blogs/worldviews/files/2017/12/image-1.png&w=1440
Areas cut out of Utah monuments could reopen to mining and drilling,7-Dec-17,http://www.washingtonpost.com/graphics/2017/national/utah-monuments/,"President Trump drastically reduced the size of two national monuments in Utah, potentially opening about 2 million acres of public land to mineral extraction and other activities in a state in which about 65 percent of all land is federally owned.",https://www.washingtonpost.com/graphics/2017/national/utah-monuments/img/utah-promo-static.jpg,1,more,Areas cut out of Utah monuments could reopen to mining and drilling,utah-promo-static.jpg,https://www.washingtonpost.com/graphics/2017/national/utah-monuments/img/utah-promo-static.jpg
Mapping the DMZ,13-Nov-17,http://www.washingtonpost.com/graphics/2017/world/mapping-the-dmz/,"This thin ribbon of land separates North and South Korea, why should we care?",https://www.washingtonpost.com/rf/image_982w/2010-2019/WashingtonPost/2017/11/10/Foreign/Graphics/promo-DMZKorea.jpg,1,more,Mapping the DMZ,promo-DMZKorea.jpg,https://www.washingtonpost.com/rf/image_982w/2010-2019/WashingtonPost/2017/11/10/Foreign/Graphics/promo-DMZKorea.jpg
The rise and fall of the Islamic State in Iraq and Syria,17-Oct-17,http://www.washingtonpost.com/graphics/2017/world/rise-and-fall-of-isis/,,https://www.washingtonpost.com/r/2010-2019/WashingtonPost/2017/10/17/Foreign/Graphics/2300-isis-promo.jpg,1,more,The rise and fall of the Islamic State in Iraq and Syria,the-rise-and-fall-of-the-islamic-state-in-iraq-and-syria-b49ca429.jpg,https://www.washingtonpost.com/r/2010-2019/WashingtonPost/2017/10/17/Foreign/Graphics/2300-isis-promo.jpg
Satellite images reveal the devastation of the California fires,12-Oct-17,http://www.washingtonpost.com/graphics/2017/national/,Hundreds of thousands of acres have burned and thousands of homes and other structures have been destroyed.,http://www.washingtonpost.com/graphics/2017/national/,,more,Satellite images reveal the devastation of the California fires,national.jpg,http://www.washingtonpost.com/graphics/2017/national/
Maria's deluge on Puerto Rico,21-Sep-17,http://www.washingtonpost.com/graphics/2017/national/maria-puerto-rico/,,https://www.washingtonpost.com/r/2010-2019/WashingtonPost/2017/09/21/Health-Environment-Science/Graphics/PRrainpromo.jpg,1,more,Maria's deluge on Puerto Rico,maria-s-deluge-on-puerto-rico-187debe4.jpg,https://www.washingtonpost.com/r/2010-2019/WashingtonPost/2017/09/21/Health-Environment-Science/Graphics/PRrainpromo.jpg
What's in the path of Hurricane Maria,20-Sep-17,http://www.washingtonpost.com/graphics/2017/national/hurricane-maria/,"Hurricane Maria made landfall as a Category 4 storm Wednesday morning in Puerto Rico, bringing winds at about 160 mph to an island that dodged the worst of Hurricane Irma's destructive power just a few weeks ago.",https://www.washingtonpost.com/r/2010-2019/WashingtonPost/2017/09/22/Health-Environment-Science/Graphics/2300-hurricane-maria-promo.jpg,,more,What's in the path of Hurricane Maria,2300-hurricane-maria-promo.jpg,https://www.washingtonpost.com/r/2010-2019/WashingtonPost/2017/09/22/Health-Environment-Science/Graphics/2300-hurricane-maria-promo.jpg
The 'ethnic cleansing' of the Rohingya,18-Sep-17,http://www.washingtonpost.com/graphics/2017/world/rohingya/,Scorched earth. Harrowing escapes. Half a million on the move.,https://www.washingtonpost.com/graphics/2017/world/rohingya/img/847485626.jpg,1,more,The 'ethnic cleansing' of the Rohingya,the-ethnic-cleansing-of-the-rohingya-3db1c677.jpg,https://www.washingtonpost.com/graphics/2017/world/rohingya/img/847485626.jpg
Latest North Korea missile launch suggests Guam is within reach,15-Sep-17,https://www.washingtonpost.com/news/worldviews/wp/2017/09/15/latest-north-korea-missile-launch-suggests-guam-is-within-reach/,"The missile flew 2,300 miles. Guam is 2,100 miles from North Korea.",https://www.washingtonpost.com/wp-apps/imrs.php?src=http://www.washingtonpost.com/blogs/worldviews/files/2017/09/wlaunchJAPAN2300.jpg&w=1440,1,more,Latest North Korea missile launch suggests Guam is within reach,wlaunchJAPAN2300.jpg,https://www.washingtonpost.com/wp-apps/imrs.php?src=http://www.washingtonpost.com/blogs/worldviews/files/2017/09/wlaunchJAPAN2300.jpg&w=1440
Before-and-after Hurricane Irma,11-Sep-17,http://www.washingtonpost.com/graphics/2017/national/hurricane-irma-before-after/,"Now that storm clouds are clearing, satellites are able to capture the devastation of Hurricane Irma.",https://www.washingtonpost.com/graphics/2017/national/hurricane-irma-before-after/img/irma-before-after-promo.jpg,1,more,Before-and-after Hurricane Irma,irma-before-after-promo.jpg,https://www.washingtonpost.com/graphics/2017/national/hurricane-irma-before-after/img/irma-before-after-promo.jpg
What Irma's wind and water did to Florida,10-Sep-17,http://www.washingtonpost.com/graphics/2017/national/hurricane-irma-florida/,"After days of terrifying predictions, preparation and evacuations, Irma arrived in the Florida Keys on Sunday morning and on the Florida mainland Sunday afternoon.",https://www.washingtonpost.com/r/2010-2019/WashingtonPost/2017/09/11/National-Security/Graphics/2300-irma-florida-landfall-2.jpg,,more,What Irma's wind and water did to Florida,2300-irma-florida-landfall-2.jpg,https://www.washingtonpost.com/r/2010-2019/WashingtonPost/2017/09/11/National-Security/Graphics/2300-irma-florida-landfall-2.jpg
Peru's glaciers have made it a laboratory for adapting to climate change. It's not going well.,7-Aug-17,https://www.washingtonpost.com/sf/world/2017/08/07/perus-glaciers-have-made-it-a-laboratory-for-adapting-to-climate-change-its-not-going-well/,"As South American country's glaciers melt, its problems are only beginning.",https://www.washingtonpost.com/wp-srv/graphics/templates/mobile/ico/apple-touch-icon-144-precomposed.png,,more,Peru's glaciers have made it a laboratory for adapting to climate change. It's not going well.,apple-touch-icon-144-precomposed.png,https://www.washingtonpost.com/wp-srv/graphics/templates/mobile/ico/apple-touch-icon-144-precomposed.png
Peru's glaciers have made it a laboratory for adapting to climate change. It's not going well.,7-Aug-17,http://www.washingtonpost.com/sf/world/2017/08/07/perus-glaciers-have-made-it-a-laboratory-for-adapting-to-climate-change-its-not-going-well/,"As South American country's glaciers melt, its problems are only beginning.",https://www.washingtonpost.com/wp-srv/graphics/templates/mobile/ico/apple-touch-icon-144-precomposed.png,,more,Peru's glaciers have made it a laboratory for adapting to climate change. It's not going well.,apple-touch-icon-144-precomposed.png,https://www.washingtonpost.com/wp-srv/graphics/templates/mobile/ico/apple-touch-icon-144-precomposed.png
Travel the path of the solar eclipse,28-Jul-17,http://www.washingtonpost.com/graphics/national/mapping-the-2017-eclipse/,"Follow the shadow of the moon as it completely blocks out the sun on Aug. 21, moving along a 3,000-mile path from Oregon's Pacific coast to the eastern shore of South Carolina.",https://www.washingtonpost.com/graphics/national/mapping-the-2017-eclipse/img/promo/eclipse-scroll-promo3.jpg,1,more,Travel the path of the solar eclipse,eclipse-scroll-promo3.jpg,https://www.washingtonpost.com/graphics/national/mapping-the-2017-eclipse/img/promo/eclipse-scroll-promo3.jpg
How Iraqi forces defeated the Islamic State,10-Jul-17,http://www.washingtonpost.com/graphics/2017/world/battle-for-mosul/,"Iraqi Prime Minister Haider al-Abadi declared the city of Mosul liberated from Islamic State control on July 9, a momentous occasion in a U.S.-backed Iraqi military campaign that began nearly three years ago.",https://www.washingtonpost.com/graphics/2017/world/battle-for-mosul/img/MOSUL-ANIM-SOCIAL.gif,1,more,How Iraqi forces defeated the Islamic State,MOSUL-ANIM-SOCIAL.gif,https://www.washingtonpost.com/graphics/2017/world/battle-for-mosul/img/MOSUL-ANIM-SOCIAL.gif
The race to save Florida's devastated coral reef from global warming,25-Jun-17,https://www.washingtonpost.com/graphics/2017/business/environment/florida-reef/,"The Paris climate agreement is a key factor in preventing further damage to the ecosystem, and the tourism and seafood industries dependent on it.",https://www.washingtonpost.com/rf/image_1024w/2010-2019/WashingtonPost/2017/06/25/Others/Images/2017-06-07/redit_The_Nature_Conservancy_-_Meaghan_Johnson.JPG,1,more,The race to save Florida's devastated coral reef from global warming,the-race-to-save-florida-s-devastated-coral-reef-from-global-warming-4c8217da.jpg,https://www.washingtonpost.com/rf/image_1024w/2010-2019/WashingtonPost/2017/06/25/Others/Images/2017-06-07/redit_The_Nature_Conservancy_-_Meaghan_Johnson.JPG
North Korea showed off a lot of missiles. What might be their targets?,18-May-17,http://www.washingtonpost.com/graphics/world/north-korea-targets/,"No one knows for sure what Kim Jong Un is thinking, but his propaganda provides clues to his nuclear strategy.",https://www.washingtonpost.com/graphics/world/north-korea-targets/img/map-of-death.gif,1,more,North Korea showed off a lot of missiles. What might be their targets?,map-of-death.gif,https://www.washingtonpost.com/graphics/world/north-korea-targets/img/map-of-death.gif
How eliminating two EPA programs could affect large parts of America,24-Mar-17,http://www.washingtonpost.com/graphics/national/trump-epa-rollbacks/,Efforts to clean up the Chesapeake Bay and the Great Lakes stretch across multiple regions. Trump wants to cut these programs.,https://www.washingtonpost.com/graphics/national/trump-epa-rollbacks/img/trump-epa-promo.jpg,1,more,How eliminating two EPA programs could affect large parts of America,trump-epa-promo.jpg,https://www.washingtonpost.com/graphics/national/trump-epa-rollbacks/img/trump-epa-promo.jpg
How Trump's inaugural speech differed from past presidential addresses,20-Jan-17,http://www.washingtonpost.com/graphics/politics/trump-inauguration-speech/,"The message from President Trump stood in stark contrast to many earlier inaugural speeches, offering a different policy vision driven by Trump's call for putting America first in foreign affairs and the people ahead of the establishment at home.",https://www.washingtonpost.com/r/2010-2019/WashingtonPost/2017/01/21/National-Politics/Graphics/2300trump-speech-promo.jpg,,more,How Trump's inaugural speech differed from past presidential addresses,2300trump-speech-promo.jpg,https://www.washingtonpost.com/r/2010-2019/WashingtonPost/2017/01/21/National-Politics/Graphics/2300trump-speech-promo.jpg
This map explains the weather we had in 2016,3-Jan-17,http://www.washingtonpost.com/graphics/national/2016-weather/,Rain and drought -- the yin and yang of U.S. weather in 2016.,https://www.washingtonpost.com/graphics/national/2016-weather/img/2300weather-promo.jpg,1,more,This map explains the weather we had in 2016,2300weather-promo.jpg,https://www.washingtonpost.com/graphics/national/2016-weather/img/2300weather-promo.jpg
Six maps that show the anatomy of America's vast infrastructure,1-Dec-16,http://www.washingtonpost.com/graphics/national/maps-of-american-infrastrucure/,"A look at the United States's bridges, electrical grid, pipelines, railroads, airports and waterways.",https://www.washingtonpost.com/graphics/national/maps-of-american-infrastrucure/img/infrastructure-grid-promo.jpg?pid=1,1,more,Six maps that show the anatomy of America's vast infrastructure,infrastructure-grid-promo.jpg,https://www.washingtonpost.com/graphics/national/maps-of-american-infrastrucure/img/infrastructure-grid-promo.jpg?pid=1
How Trump won the presidency with razor-thin margins in swing states,11-Nov-16,http://www.washingtonpost.com/graphics/politics/2016-election/swing-state-margins/,"Only 107,000 votes in three states decided the election.",https://www.washingtonpost.com/graphics/politics/2016-election/swing-state-margins/img/2300-swing-state-margins-1.jpg,1,more,How Trump won the presidency with razor-thin margins in swing states,2300-swing-state-margins-1.jpg,https://www.washingtonpost.com/graphics/politics/2016-election/swing-state-margins/img/2300-swing-state-margins-1.jpg
Where polling underestimated Trump?s chances,9-Nov-16,http://www.washingtonpost.com/graphics/politics/2016-election/where-the-polls-got-it-wrong/,"Polls in many battleground states failed to accurately predict the election results Tuesday, notably in two states key to Donald Trump's victory, Pennsylvania and Wisconsin",https://www.washingtonpost.com/graphics/politics/2016-election/where-the-polls-got-it-wrong/img/2300-where-polls-were-wrong.jpg,1,more,Where polling underestimated Trump?s chances,2300-where-polls-were-wrong.jpg,https://www.washingtonpost.com/graphics/politics/2016-election/where-the-polls-got-it-wrong/img/2300-where-polls-were-wrong.jpg
Where polling underestimated Trump's chances,9-Nov-16,http://www.washingtonpost.com/graphics/politics/2016-election/where-the-polls-got-it-wrong/,"Polls in many battleground states failed to accurately predict the election results Tuesday, notably in two states key to Donald Trump's victory, Pennsylvania and Wisconsin",https://www.washingtonpost.com/graphics/politics/2016-election/where-the-polls-got-it-wrong/img/2300-where-polls-were-wrong.jpg,,more,Where polling underestimated Trump's chances,2300-where-polls-were-wrong.jpg,https://www.washingtonpost.com/graphics/politics/2016-election/where-the-polls-got-it-wrong/img/2300-where-polls-were-wrong.jpg
We built these White Houses from plastic…and electoral votes,5-Nov-16,https://www.washingtonpost.com/sf/national/2016/11/05/electoral-vote-tracking-election-day/,Track the 2016 Electoral votes via 3D Printers.,https://www.washingtonpost.com/wp-srv/graphics/templates/mobile/ico/apple-touch-icon-144-precomposed.png,1,more,We built these White Houses from plastic…and electoral votes,we-built-these-white-houses-from-plastic-and-electoral-votes-e09618ca.jpg,https://www.washingtonpost.com/wp-srv/graphics/templates/mobile/ico/apple-touch-icon-144-precomposed.png
Everything that is more popular than Hillary Clinton and Donald Trump,1-Nov-16,http://www.washingtonpost.com/graphics/politics/2016-election/unpopular/,"This election has been called a choice between two bad options. Both candidates fare better than David Duke and Vladimir Putin, but can't beat out Olympic dressage.",https://www.washingtonpost.com/graphics/politics/2016-election/unpopular/img/2300-unpopular-promo.jpg,,more,Everything that is more popular than Hillary Clinton and Donald Trump,2300-unpopular-promo.jpg,https://www.washingtonpost.com/graphics/politics/2016-election/unpopular/img/2300-unpopular-promo.jpg
The uneasy mix of forces battling the Islamic State,24-Oct-16,http://www.washingtonpost.com/graphics/world/who-is-fighting-the-islamic-state/,"As Iraqi forces advance toward Mosul, here are the groups that are fighting the Islamic State in Iraq and Syria.",https://www.washingtonpost.com/graphics/world/who-is-fighting-the-islamic-state/img/2300who-is-fighting-isis-promo.jpg,1,more,The uneasy mix of forces battling the Islamic State,2300who-is-fighting-isis-promo.jpg,https://www.washingtonpost.com/graphics/world/who-is-fighting-the-islamic-state/img/2300who-is-fighting-isis-promo.jpg
Workday Workouts,8-Aug-16,http://www.washingtonpost.com/graphics/sports/olympics/office-olympics/,Inspired by the Olympics? Make your cubicle your stadium and the office your own little Rio.,https://www.washingtonpost.com/wp-stat/graphics/sports/olympics/social-cards/office-olympics-promo.jpg,1,more,Workday Workouts,office-olympics-promo.jpg,https://www.washingtonpost.com/wp-stat/graphics/sports/olympics/social-cards/office-olympics-promo.jpg
Sizing up the Olympics,5-Aug-16,http://www.washingtonpost.com/graphics/sports/olympics/scale-of-the-olympics/,Here's a look at the scale of the courts and equipment of the summer games.,https://www.washingtonpost.com/graphics/sports/olympics/scale-of-the-olympics/img/olympic-scale-promo.jpg,1,more,Sizing up the Olympics,olympic-scale-promo.jpg,https://www.washingtonpost.com/graphics/sports/olympics/scale-of-the-olympics/img/olympic-scale-promo.jpg
Sizing up the Olympics,4-Aug-16,http://www.washingtonpost.com/graphics/sports/olympics/scale-of-the-olympics/,"How the balls, equipment, courts and fields of the Olympics compare to each other.",https://www.washingtonpost.com/graphics/sports/olympics/scale-of-the-olympics/img/olympic-scale-promo.jpg,,more,Sizing up the Olympics,olympic-scale-promo.jpg,https://www.washingtonpost.com/graphics/sports/olympics/scale-of-the-olympics/img/olympic-scale-promo.jpg
"Test all you want, but dopers will still compete in Rio. What you need to know.",28-Jun-16,http://www.washingtonpost.com/graphics/sports/olympics/doping/,"Why there will be drug cheats at Rio, and why some won't be caught. A look at doping in the Summer Olympics.",https://www.washingtonpost.com/graphics/sports/olympics/doping/2300-doping-promo.png,1,more,"Test all you want, but dopers will still compete in Rio. What you need to know.",2300-doping-promo.png,https://www.washingtonpost.com/graphics/sports/olympics/doping/2300-doping-promo.png
One woman's fight to save her land from a pipeline that tore a region apart,9-Jun-16,https://www.washingtonpost.com/sf/style/2016/06/09/one-womans-fight-to-save-her-land-from-a-pipeline-that-tore-a-region-apart/,"How Heidi Cochran and the people of Nelson County, Va. took on the Atlantic Coast Pipeline.",https://www.washingtonpost.com/wp-srv/graphics/templates/mobile/ico/apple-touch-icon-144-precomposed.png,1,more,One woman's fight to save her land from a pipeline that tore a region apart,one-woman-s-fight-to-save-her-land-from-a-pipeline-that-tore-a-region-apart-48818f52.jpg,https://www.washingtonpost.com/wp-srv/graphics/templates/mobile/ico/apple-touch-icon-144-precomposed.png
The new space race,1-Jun-16,http://www.washingtonpost.com/graphics/business/rockets/,"Commercial companies like SpaceX are starting to gain traction in the space industry. There are currently more than a dozen private rockets capsules and spaceplanes under development, with more on the way soon.",https://www.washingtonpost.com/graphics/business/rockets/img/2300-rocket-promo.jpg,1,more,The new space race,2300-rocket-promo.jpg,https://www.washingtonpost.com/graphics/business/rockets/img/2300-rocket-promo.jpg
Legendary? Lousy? How your team has fared in the NFL draft,21-Apr-16,http://www.washingtonpost.com/graphics/sports/nfl-draft-history/,"Some teams seem to always strike gold on draft day, while others just find rocks. (We're looking at you, Cleveland.) Revisit the past 20 NFL drafts to see how adept every team has been at mining top talent.",https://www.washingtonpost.com/graphics/sports/nfl-draft-history/img/nfl-draft-history-flat-promo.jpg,1,more,Legendary? Lousy? How your team has fared in the NFL draft,nfl-draft-history-flat-promo.jpg,https://www.washingtonpost.com/graphics/sports/nfl-draft-history/img/nfl-draft-history-flat-promo.jpg
What we know about the attacks in Brussels,22-Mar-16,http://washingtonpost.com/graphics/world/brussels-terrorist-attack/,"On the morning of March 22, at least 31 people were killed and more than 180 injured after three explosions rocked the airport and a metro station in Belgium's capital.",https://www.washingtonpost.com/graphics/world/brussels-terrorist-attack/img/brussels-attacks-promo-6.jpg,,more,What we know about the attacks in Brussels,brussels-attacks-promo-6.jpg,https://www.washingtonpost.com/graphics/world/brussels-terrorist-attack/img/brussels-attacks-promo-6.jpg
Everything you need to know about appointing a Supreme Court justice,20-Feb-16,http://www.washingtonpost.com/graphics/politics/scotus-nominees/,"President Obama has pledged to nominate a candidate to fill the vacancy on the Supreme Court that was created by Justice Antonin Scalia's death. Here is a look at the front-runners, the process and the history of Supreme Court appointments.",https://www.washingtonpost.com/r/2010-2019/WashingtonPost/2016/02/20/National-Politics/Graphics/promo-nomination-process-2.jpg,1,more,Everything you need to know about appointing a Supreme Court justice,everything-you-need-to-know-about-appointing-a-supreme-court-justice-947a6d94.jpg,https://www.washingtonpost.com/r/2010-2019/WashingtonPost/2016/02/20/National-Politics/Graphics/promo-nomination-process-2.jpg
"Poor, rural areas will be most affected by Walmart closing 154 stores",5-Feb-16,http://www.washingtonpost.com/graphics/business/walmart-closings/,Here is a look at the neighborhoods where Walmart is closing its doors.,https://www.washingtonpost.com/graphics/business/walmart-closings/img/walmart-promo.jpg,1,more,"Poor, rural areas will be most affected by Walmart closing 154 stores",walmart-promo.jpg,https://www.washingtonpost.com/graphics/business/walmart-closings/img/walmart-promo.jpg
What happens when an unaccompanied minor is caught at the U.S.-Mexico Border,26-Jan-16,http://apps.washingtonpost.com/g/page/national/what-happens-when-an-unaccompanied-minor-is-caught-at-the-us-mexico-border/1944/,"By the end of 2014, more than 68,600 children had arrived at the United States' southern border unaccompanied.",http://apps.washingtonpost.com/g/page/national/what-happens-when-an-unaccompanied-minor-is-caught-at-the-us-mexico-border/1944/,,more,What happens when an unaccompanied minor is caught at the U.S.-Mexico Border,1944.jpg,http://apps.washingtonpost.com/g/page/national/what-happens-when-an-unaccompanied-minor-is-caught-at-the-us-mexico-border/1944/
2008: The year in photos,8/4/09,https://flickr.com/photos/timmeko/3788352905/,I designed this interactive package that highlighted the best photos from the Columbus Dispatch's photographers in 2008. Photographers narrated the stories behind the photos. audio.dispatch.com/flash/08yip/year.html,/Users/mekot/mcp-files/timmeko-dot-com/flickr/2008-the-year-in-photos_3788352905_o.png,,more,2008: The year in photos,2008-the-year-in-photos_3788352905_o.png,/Users/mekot/mcp-files/timmeko-dot-com/flickr/2008-the-year-in-photos_3788352905_o.png
2009 NCAA interactive brackets,8/4/09,https://flickr.com/photos/timmeko/3788353585/,Interactive brackets for the 2009 NCAA basketball tournament. Users could mouse-over any team for more information (displayed at the top of the screen). http://audio.dispatch.com/flash/09brackets/09brackets_031409.html,/Users/mekot/mcp-files/timmeko-dot-com/flickr/2009-ncaa-interactive-brackets_3788353585_o.png,,more,2009 NCAA interactive brackets,2009-ncaa-interactive-brackets_3788353585_o.png,/Users/mekot/mcp-files/timmeko-dot-com/flickr/2009-ncaa-interactive-brackets_3788353585_o.png
2009 Statewide issues map,11/4/09,https://flickr.com/photos/timmeko/4074847453/,Fully automatic and interactive map linked to the Ohio Secretary of State's website.audio.dispatch.com/flash/election/election.html,/Users/mekot/mcp-files/timmeko-dot-com/flickr/2009-statewide-issues-map_4074847453_o.png,,more,2009 Statewide issues map,2009-statewide-issues-map_4074847453_o.png,/Users/mekot/mcp-files/timmeko-dot-com/flickr/2009-statewide-issues-map_4074847453_o.png
2009 Year in Photos,1/21/10,https://flickr.com/photos/timmeko/4293569434/,Interactive feature to go with the 2009 Year in Photos Special Section video,/Users/mekot/mcp-files/timmeko-dot-com/flickr/2009-year-in-photos_4293569434_o.jpg,,more,2009 Year in Photos,2009-year-in-photos_4293569434_o.jpg,/Users/mekot/mcp-files/timmeko-dot-com/flickr/2009-year-in-photos_4293569434_o.jpg
2011 Urban Institute Cross-topic publications,2/21/12,https://flickr.com/photos/timmeko/6916574219/,interactive graphic that shows frequency of cross-topic publications.,/Users/mekot/mcp-files/timmeko-dot-com/flickr/2011-urban-institute-cross-topic-publications_6916574219_o.jpg,,more,2011 Urban Institute Cross-topic publications,2011-urban-institute-cross-topic-publications_6916574219_o.jpg,/Users/mekot/mcp-files/timmeko-dot-com/flickr/2011-urban-institute-cross-topic-publications_6916574219_o.jpg
27 Weeks: Long-term Unemployment in America,3/18/14,https://flickr.com/photos/timmeko/13231831485/,"Web feature: urbn.is/LTU Four years after the end of the Great Recession, long-term unemployment remains at record high levels. As of June 2013, 4.2 million people—a staggering 36.7 percent of the unemployed—have been out of work for longer than six months.",/Users/mekot/mcp-files/timmeko-dot-com/flickr/27-weeks-long-term-unemployment-in-america_13231831485_o.png,1,more,27 Weeks: Long-term Unemployment in America,27-weeks-long-term-unemployment-in-america_13231831485_o.png,/Users/mekot/mcp-files/timmeko-dot-com/flickr/27-weeks-long-term-unemployment-in-america_13231831485_o.png
A snapshot of Ohio's cities,8/3/09,https://flickr.com/photos/timmeko/3786326724/,On the Brink was a series that looked into Ohio's large cities and whether they could return to their former glory.,/Users/mekot/mcp-files/timmeko-dot-com/flickr/a-snapshot-of-ohios-cities_3786326724_o.jpg,1,more,A snapshot of Ohio's cities,a-snapshot-of-ohios-cities_3786326724_o.jpg,/Users/mekot/mcp-files/timmeko-dot-com/flickr/a-snapshot-of-ohios-cities_3786326724_o.jpg
Alaska,8/3/09,https://flickr.com/photos/timmeko/3785523475/,,/Users/mekot/mcp-files/timmeko-dot-com/flickr/alaska_3785523475_o.jpg,,more,Alaska,alaska_3785523475_o.jpg,/Users/mekot/mcp-files/timmeko-dot-com/flickr/alaska_3785523475_o.jpg
Ardi,10/7/09,https://flickr.com/photos/timmeko/3990346735/,"A look at the fossilized skeleton of 'Ardi,' a 4 million year old human ancestor.",/Users/mekot/mcp-files/timmeko-dot-com/flickr/ardi_3990346735_o.jpg,1,more,Ardi,ardi_3990346735_o.jpg,/Users/mekot/mcp-files/timmeko-dot-com/flickr/ardi_3990346735_o.jpg
Backyard Barbecue History,1/30/10,https://flickr.com/photos/timmeko/4314470119/,Pull-apart graphic of the 'big mama burger.' I actually ate this monstrosity.,/Users/mekot/mcp-files/timmeko-dot-com/flickr/backyard-barbecue-history_4314470119_o.jpg,1,more,Backyard Barbecue History,backyard-barbecue-history_4314470119_o.jpg,/Users/mekot/mcp-files/timmeko-dot-com/flickr/backyard-barbecue-history_4314470119_o.jpg
Beetle blitz,8/3/09,https://flickr.com/photos/timmeko/3786335324/,A look at the lady-bugs that are being studied as part of an Ohio State University project.,/Users/mekot/mcp-files/timmeko-dot-com/flickr/beetle-blitz_3786335324_o.jpg,,more,Beetle blitz,beetle-blitz_3786335324_o.jpg,/Users/mekot/mcp-files/timmeko-dot-com/flickr/beetle-blitz_3786335324_o.jpg
Beyond cancer,8/4/09,https://flickr.com/photos/timmeko/3788354561/,"Interactive presentation about life after cancer. I produced interactive graphics, an audio slideshow and a section featuring audio-driven biographies. I also edited the audio for each biography. audio.dispatch.com/flash/survivors/cancer.swf",/Users/mekot/mcp-files/timmeko-dot-com/flickr/beyond-cancer_3788354561_o.png,,more,Beyond cancer,beyond-cancer_3788354561_o.png,/Users/mekot/mcp-files/timmeko-dot-com/flickr/beyond-cancer_3788354561_o.png
Birds,9/11/09,https://flickr.com/photos/timmeko/3909835830/,,/Users/mekot/mcp-files/timmeko-dot-com/flickr/birds_3909835830_o.jpg,,more,Birds,birds_3909835830_o.jpg,/Users/mekot/mcp-files/timmeko-dot-com/flickr/birds_3909835830_o.jpg
Boom with a view,8/3/09,https://flickr.com/photos/timmeko/3785525539/,Where does the sound come from with fireworks?,/Users/mekot/mcp-files/timmeko-dot-com/flickr/boom-with-a-view_3785525539_o.jpg,1,more,Boom with a view,boom-with-a-view_3785525539_o.jpg,/Users/mekot/mcp-files/timmeko-dot-com/flickr/boom-with-a-view_3785525539_o.jpg
Borrowed time,8/4/09,https://flickr.com/photos/timmeko/3788350773/,Interactive maps created with Google's map API for flash. Map content was created with ArcView.,/Users/mekot/mcp-files/timmeko-dot-com/flickr/borrowed-time_3788350773_o.png,,more,Borrowed time,borrowed-time_3788350773_o.png,/Users/mekot/mcp-files/timmeko-dot-com/flickr/borrowed-time_3788350773_o.png
Building a snow fort,8/3/09,https://flickr.com/photos/timmeko/3786346248/,Showing children how to build a proper snow fort.,/Users/mekot/mcp-files/timmeko-dot-com/flickr/building-a-snow-fort_3786346248_o.jpg,1,more,Building a snow fort,building-a-snow-fort_3786346248_o.jpg,/Users/mekot/mcp-files/timmeko-dot-com/flickr/building-a-snow-fort_3786346248_o.jpg
Cannabis seizures,9/7/09,https://flickr.com/photos/timmeko/3897765880/,An interactive map of cannabis seizures in each of Ohio's counties. This map is set up so that it can be repurposed or updated from a spreadsheet with very little work and would take no more than five minutes,/Users/mekot/mcp-files/timmeko-dot-com/flickr/cannabis-seizures_3897765880_o.png,,more,Cannabis seizures,cannabis-seizures_3897765880_o.png,/Users/mekot/mcp-files/timmeko-dot-com/flickr/cannabis-seizures_3897765880_o.png
Cave dwellers,8/3/09,https://flickr.com/photos/timmeko/3786335734/,This is one of my favorite graphics. The double-truck infographic explains the different life forms found in Ohio's caves. The cave illustration was created out of aluminum foil which was then painted in Photoshop. View it full-sized for the full effect.,/Users/mekot/mcp-files/timmeko-dot-com/flickr/cave-dwellers_3786335734_o.jpg,1,more,Cave dwellers,cave-dwellers_3786335734_o.jpg,/Users/mekot/mcp-files/timmeko-dot-com/flickr/cave-dwellers_3786335734_o.jpg
Changing the Face of Immigration,3/26/13,https://flickr.com/photos/timmeko/8592643296/,A switch to a skill-based immigration system will shift the demographics of immigration in America.,/Users/mekot/mcp-files/timmeko-dot-com/flickr/changing-the-face-of-immigration_8592643296_o.jpg,,more,Changing the Face of Immigration,changing-the-face-of-immigration_8592643296_o.jpg,/Users/mekot/mcp-files/timmeko-dot-com/flickr/changing-the-face-of-immigration_8592643296_o.jpg
Chicago,8/3/09,https://flickr.com/photos/timmeko/3786336534/,,/Users/mekot/mcp-files/timmeko-dot-com/flickr/chicago_3786336534_o.jpg,,more,Chicago,chicago_3786336534_o.jpg,/Users/mekot/mcp-files/timmeko-dot-com/flickr/chicago_3786336534_o.jpg
Children of Immigrants Data Tool,5/7/14,https://flickr.com/photos/timmeko/14129545991/,"Interactive data tool that I designed and developed. Built using D3, HTML, CSS, and Javascript. View the interactive: datatools.urban.org/features/childrenOfImmigrants/chart/c...",/Users/mekot/mcp-files/timmeko-dot-com/flickr/children-of-immigrants-data-tool_14129545991_o.png,,more,Children of Immigrants Data Tool,children-of-immigrants-data-tool_14129545991_o.png,/Users/mekot/mcp-files/timmeko-dot-com/flickr/children-of-immigrants-data-tool_14129545991_o.png
Circuit,11/5/10,https://flickr.com/photos/timmeko/5147010781/,,/Users/mekot/mcp-files/timmeko-dot-com/flickr/circuit_5147010781_o.jpg,,more,Circuit,circuit_5147010781_o.jpg,/Users/mekot/mcp-files/timmeko-dot-com/flickr/circuit_5147010781_o.jpg
Columbus at a glance,8/3/09,https://flickr.com/photos/timmeko/3785517955/,A single day in the 'On the brink' series.,/Users/mekot/mcp-files/timmeko-dot-com/flickr/columbus-at-a-glance_3785517955_o.jpg,,more,Columbus at a glance,columbus-at-a-glance_3785517955_o.jpg,/Users/mekot/mcp-files/timmeko-dot-com/flickr/columbus-at-a-glance_3785517955_o.jpg
Comfest,1/30/10,https://flickr.com/photos/timmeko/4314469833/,illustration for Columbus' annual 'community festival.' Everything was drawn in Adobe Illustrator.,/Users/mekot/mcp-files/timmeko-dot-com/flickr/comfest_4314469833_o.jpg,1,more,Comfest,comfest_4314469833_o.jpg,/Users/mekot/mcp-files/timmeko-dot-com/flickr/comfest_4314469833_o.jpg
Countering counterfeiters,1/21/10,https://flickr.com/photos/timmeko/4291691541/,The anti-counterfeiting measures used in modern US currency.,/Users/mekot/mcp-files/timmeko-dot-com/flickr/countering-counterfeiters_4291691541_o.jpg,,more,Countering counterfeiters,countering-counterfeiters_4291691541_o.jpg,/Users/mekot/mcp-files/timmeko-dot-com/flickr/countering-counterfeiters_4291691541_o.jpg
Counting down to zero,8/3/09,https://flickr.com/photos/timmeko/3785522615/,Ways to make your home carbon neutral.,/Users/mekot/mcp-files/timmeko-dot-com/flickr/counting-down-to-zero_3785522615_o.jpg,1,more,Counting down to zero,counting-down-to-zero_3785522615_o.jpg,/Users/mekot/mcp-files/timmeko-dot-com/flickr/counting-down-to-zero_3785522615_o.jpg
Cracking the Codes,3/2/13,https://flickr.com/photos/timmeko/8522010140/,Illustration developed for The Center for Public Integrity.,/Users/mekot/mcp-files/timmeko-dot-com/flickr/cracking-the-codes_8522010140_l.jpg,1,more,Cracking the Codes,cracking-the-codes_8522010140_l.jpg,/Users/mekot/mcp-files/timmeko-dot-com/flickr/cracking-the-codes_8522010140_l.jpg
Death Perceptions,8/4/09,https://flickr.com/photos/timmeko/3788353233/,"I designed and programmed this interactive package about those who deal with death on a daily basis as part of their jobs. Features included video, interactive graphics and databases. www.dispatch.com/death",/Users/mekot/mcp-files/timmeko-dot-com/flickr/death-perceptions_3788353233_o.png,,more,Death Perceptions,death-perceptions_3788353233_o.png,/Users/mekot/mcp-files/timmeko-dot-com/flickr/death-perceptions_3788353233_o.png
Digitizing Abuse,3/26/13,https://flickr.com/photos/timmeko/8591545717/,One in four teens in a relationship are abused via technology. (illustrations by Daniel Wolfe),/Users/mekot/mcp-files/timmeko-dot-com/flickr/digitizing-abuse_8591545717_o.jpg,,more,Digitizing Abuse,digitizing-abuse_8591545717_o.jpg,/Users/mekot/mcp-files/timmeko-dot-com/flickr/digitizing-abuse_8591545717_o.jpg
Eclipsing Hank,1/30/10,https://flickr.com/photos/timmeko/4314470075/,prototype for the day that Barry Bonds surpassed Hank Aaron's home run record,/Users/mekot/mcp-files/timmeko-dot-com/flickr/eclipsing-hank_4314470075_o.jpg,,more,Eclipsing Hank,eclipsing-hank_4314470075_o.jpg,/Users/mekot/mcp-files/timmeko-dot-com/flickr/eclipsing-hank_4314470075_o.jpg
El Nino,9/11/09,https://flickr.com/photos/timmeko/3909054779/,,/Users/mekot/mcp-files/timmeko-dot-com/flickr/el-nino_3909054779_o.jpg,,more,El Nino,el-nino_3909054779_o.jpg,/Users/mekot/mcp-files/timmeko-dot-com/flickr/el-nino_3909054779_o.jpg
Empty boots,1/30/10,https://flickr.com/photos/timmeko/4315205826/,Illustration about the toll in iraq.,/Users/mekot/mcp-files/timmeko-dot-com/flickr/empty-boots_4315205826_o.jpg,,more,Empty boots,empty-boots_4315205826_o.jpg,/Users/mekot/mcp-files/timmeko-dot-com/flickr/empty-boots_4315205826_o.jpg
Energy in Virginia,8/25/11,https://flickr.com/photos/timmeko/6080829654/,Poster that I created for the Science Museum of Virginia that displays everything about energy in Virginia. A super-high resolution zoomable version is available here: zoom.it/Vzn9,/Users/mekot/mcp-files/timmeko-dot-com/flickr/energy-in-virginia_6080829654_o.jpg,1,more,Energy in Virginia,energy-in-virginia_6080829654_o.jpg,/Users/mekot/mcp-files/timmeko-dot-com/flickr/energy-in-virginia_6080829654_o.jpg
Evapotranspiration ratio vs precipitation,9/11/09,https://flickr.com/photos/timmeko/3909050309/,,/Users/mekot/mcp-files/timmeko-dot-com/flickr/evapotranspiration-ratio-vs-precipitation_3909050309_o.jpg,,more,Evapotranspiration ratio vs precipitation,evapotranspiration-ratio-vs-precipitation_3909050309_o.jpg,/Users/mekot/mcp-files/timmeko-dot-com/flickr/evapotranspiration-ratio-vs-precipitation_3909050309_o.jpg
Exploring the buckeye state,8/3/09,https://flickr.com/photos/timmeko/3785534349/,"This was a bi-monthly graphic that Tom Baker and I worked on. Each month, we would profile a different state (in the order they were granted statehood).",/Users/mekot/mcp-files/timmeko-dot-com/flickr/exploring-the-buckeye-state_3785534349_o.jpg,1,more,Exploring the buckeye state,exploring-the-buckeye-state_3785534349_o.jpg,/Users/mekot/mcp-files/timmeko-dot-com/flickr/exploring-the-buckeye-state_3785534349_o.jpg
Feeling the sting,1/30/10,https://flickr.com/photos/timmeko/4314470041/,Illustration centerpiece design about the declining honey bee population,/Users/mekot/mcp-files/timmeko-dot-com/flickr/feeling-the-sting_4314470041_o.jpg,1,more,Feeling the sting,feeling-the-sting_4314470041_o.jpg,/Users/mekot/mcp-files/timmeko-dot-com/flickr/feeling-the-sting_4314470041_o.jpg
Financing Public Higher Education,12/14/15,https://flickr.com/photos/timmeko/23121189894/,webapp.urban.org/higher-education/,/Users/mekot/mcp-files/timmeko-dot-com/flickr/financing-public-higher-education_23121189894_o.png,,more,Financing Public Higher Education,financing-public-higher-education_23121189894_o.png,/Users/mekot/mcp-files/timmeko-dot-com/flickr/financing-public-higher-education_23121189894_o.png
Financing Public Higher Education,12/14/15,https://flickr.com/photos/timmeko/23640836402/,webapp.urban.org/higher-education/,/Users/mekot/mcp-files/timmeko-dot-com/flickr/financing-public-higher-education_23640836402_o.png,,more,Financing Public Higher Education,financing-public-higher-education_23640836402_o.png,/Users/mekot/mcp-files/timmeko-dot-com/flickr/financing-public-higher-education_23640836402_o.png
Financing Public Higher Education,12/14/15,https://flickr.com/photos/timmeko/23749329095/,webapp.urban.org/higher-education/,/Users/mekot/mcp-files/timmeko-dot-com/flickr/financing-public-higher-education_23749329095_o.png,,more,Financing Public Higher Education,financing-public-higher-education_23749329095_o.png,/Users/mekot/mcp-files/timmeko-dot-com/flickr/financing-public-higher-education_23749329095_o.png
Flora,9/11/09,https://flickr.com/photos/timmeko/3909049075/,,/Users/mekot/mcp-files/timmeko-dot-com/flickr/flora_3909049075_o.jpg,1,more,Flora,flora_3909049075_o.jpg,/Users/mekot/mcp-files/timmeko-dot-com/flickr/flora_3909049075_o.jpg
Following the Donors Trust Money Trail,3/26/13,https://flickr.com/photos/timmeko/8592634082/,Interactive diagram for the Center for Public Integrity: www.publicintegrity.org/2013/02/14/12151/following-donors...,/Users/mekot/mcp-files/timmeko-dot-com/flickr/following-the-donors-trust-money-trail_8592634082_o.png,1,more,Following the Donors Trust Money Trail,following-the-donors-trust-money-trail_8592634082_o.png,/Users/mekot/mcp-files/timmeko-dot-com/flickr/following-the-donors-trust-money-trail_8592634082_o.png
Fraser river,8/3/09,https://flickr.com/photos/timmeko/3785524521/,,/Users/mekot/mcp-files/timmeko-dot-com/flickr/fraser-river_3785524521_o.jpg,,more,Fraser river,fraser-river_3785524521_o.jpg,/Users/mekot/mcp-files/timmeko-dot-com/flickr/fraser-river_3785524521_o.jpg
Geology of Natural Gas Resources,9/2/11,https://flickr.com/photos/timmeko/6106057777/,,/Users/mekot/mcp-files/timmeko-dot-com/flickr/geology-of-natural-gas-resources_6106057777_o.jpg,1,more,Geology of Natural Gas Resources,geology-of-natural-gas-resources_6106057777_o.jpg,/Users/mekot/mcp-files/timmeko-dot-com/flickr/geology-of-natural-gas-resources_6106057777_o.jpg
Getting bigger,1/30/10,https://flickr.com/photos/timmeko/4314470011/,A1 design of fictional Athens Ohio newspaper that I designed from the ground up,/Users/mekot/mcp-files/timmeko-dot-com/flickr/getting-bigger_4314470011_o.jpg,,more,Getting bigger,getting-bigger_4314470011_o.jpg,/Users/mekot/mcp-files/timmeko-dot-com/flickr/getting-bigger_4314470011_o.jpg
Ghana,8/28/12,https://flickr.com/photos/timmeko/7880054990/,Map of Ghana for a UI proposal,/Users/mekot/mcp-files/timmeko-dot-com/flickr/ghana_7880054990_o.jpg,,more,Ghana,ghana_7880054990_o.jpg,/Users/mekot/mcp-files/timmeko-dot-com/flickr/ghana_7880054990_o.jpg
Golden Toad,11/5/10,https://flickr.com/photos/timmeko/5147621600/,,/Users/mekot/mcp-files/timmeko-dot-com/flickr/golden-toad_5147621600_o.jpg,,more,Golden Toad,golden-toad_5147621600_o.jpg,/Users/mekot/mcp-files/timmeko-dot-com/flickr/golden-toad_5147621600_o.jpg
Grand Canyon,8/3/09,https://flickr.com/photos/timmeko/3786329560/,,/Users/mekot/mcp-files/timmeko-dot-com/flickr/grand-canyon_3786329560_o.jpg,,more,Grand Canyon,grand-canyon_3786329560_o.jpg,/Users/mekot/mcp-files/timmeko-dot-com/flickr/grand-canyon_3786329560_o.jpg
Great smoky mountains,8/3/09,https://flickr.com/photos/timmeko/3785530843/,,/Users/mekot/mcp-files/timmeko-dot-com/flickr/great-smoky-mountains_3785530843_o.jpg,,more,Great smoky mountains,great-smoky-mountains_3785530843_o.jpg,/Users/mekot/mcp-files/timmeko-dot-com/flickr/great-smoky-mountains_3785530843_o.jpg
Greenhouse Gases,11/5/10,https://flickr.com/photos/timmeko/5147010881/,A look at global greenhouse gas emissions,/Users/mekot/mcp-files/timmeko-dot-com/flickr/greenhouse-gases_5147010881_o.jpg,,more,Greenhouse Gases,greenhouse-gases_5147010881_o.jpg,/Users/mekot/mcp-files/timmeko-dot-com/flickr/greenhouse-gases_5147010881_o.jpg
Hoop dreams,8/3/09,https://flickr.com/photos/timmeko/3785535077/,Locating every high school to ever appear in the state basketball final four. The sports editor and I spent two days plotting every school.,/Users/mekot/mcp-files/timmeko-dot-com/flickr/hoop-dreams_3785535077_o.jpg,1,more,Hoop dreams,hoop-dreams_3785535077_o.jpg,/Users/mekot/mcp-files/timmeko-dot-com/flickr/hoop-dreams_3785535077_o.jpg
How a Lightstick works,11/5/10,https://flickr.com/photos/timmeko/5147613976/,,/Users/mekot/mcp-files/timmeko-dot-com/flickr/how-a-lightstick-works_5147613976_o.jpg,,more,How a Lightstick works,how-a-lightstick-works_5147613976_o.jpg,/Users/mekot/mcp-files/timmeko-dot-com/flickr/how-a-lightstick-works_5147613976_o.jpg
How your district did,9/7/09,https://flickr.com/photos/timmeko/3897719620/,An interactive list of central Ohio's school districts and thier scores on the 2009 school report card. This interactive package was built in order to be updated quickly from a spreadsheet file. Modifying and updating for another purpose would take no more than five minutes.,/Users/mekot/mcp-files/timmeko-dot-com/flickr/how-your-district-did_3897719620_o.png,,more,How your district did,how-your-district-did_3897719620_o.png,/Users/mekot/mcp-files/timmeko-dot-com/flickr/how-your-district-did_3897719620_o.png
Human Trafficking,8/4/09,https://flickr.com/photos/timmeko/3788354829/,Interactive package about human trafficking in central Ohio. audio.dispatch.com/flash/human_trafficking/trafficking.html,/Users/mekot/mcp-files/timmeko-dot-com/flickr/human-trafficking_3788354829_o.png,,more,Human Trafficking,human-trafficking_3788354829_o.png,/Users/mekot/mcp-files/timmeko-dot-com/flickr/human-trafficking_3788354829_o.png
Huntington Park: An Insiders view,8/4/09,https://flickr.com/photos/timmeko/3789165210/,Interactive look at the new Columbus Clippers baseball park. I shot 360 degree panoramic photographs from eight points within the park. audio.dispatch.com/flash/huntington/huntington.html,/Users/mekot/mcp-files/timmeko-dot-com/flickr/huntington-park-an-insiders-view_3789165210_o.png,1,more,Huntington Park: An Insiders view,huntington-park-an-insiders-view_3789165210_o.png,/Users/mekot/mcp-files/timmeko-dot-com/flickr/huntington-park-an-insiders-view_3789165210_o.png
Huntington Park,8/3/09,https://flickr.com/photos/timmeko/3785532451/,,/Users/mekot/mcp-files/timmeko-dot-com/flickr/huntington-park_3785532451_o.jpg,,more,Huntington Park,huntington-park_3785532451_o.jpg,/Users/mekot/mcp-files/timmeko-dot-com/flickr/huntington-park_3785532451_o.jpg
Ice melt,1/21/10,https://flickr.com/photos/timmeko/4291692731/,Showing how glaciers have melted in Peru due to global warming.,/Users/mekot/mcp-files/timmeko-dot-com/flickr/ice-melt_4291692731_o.jpg,,more,Ice melt,ice-melt_4291692731_o.jpg,/Users/mekot/mcp-files/timmeko-dot-com/flickr/ice-melt_4291692731_o.jpg
In the groove,1/21/10,https://flickr.com/photos/timmeko/4292431022/,The PGA is enacting new rules that change the way the grooves on the club face can be shaped.,/Users/mekot/mcp-files/timmeko-dot-com/flickr/in-the-groove_4292431022_o.jpg,1,more,In the groove,in-the-groove_4292431022_o.jpg,/Users/mekot/mcp-files/timmeko-dot-com/flickr/in-the-groove_4292431022_o.jpg
Increasing door security,3/3/10,https://flickr.com/photos/timmeko/4404171179/,A look at a few ways to bulk up your doors.,/Users/mekot/mcp-files/timmeko-dot-com/flickr/increasing-door-security_4404171179_o.jpg,1,more,Increasing door security,increasing-door-security_4404171179_o.jpg,/Users/mekot/mcp-files/timmeko-dot-com/flickr/increasing-door-security_4404171179_o.jpg
Inflation,8/3/09,https://flickr.com/photos/timmeko/3785517215/,A look at inflation over the past few years.,/Users/mekot/mcp-files/timmeko-dot-com/flickr/inflation_3785517215_o.jpg,,more,Inflation,inflation_3785517215_o.jpg,/Users/mekot/mcp-files/timmeko-dot-com/flickr/inflation_3785517215_o.jpg
Initial Income Eligibility Thresholds,2/21/12,https://flickr.com/photos/timmeko/6916573493/,Design mockup for interactive map.,/Users/mekot/mcp-files/timmeko-dot-com/flickr/initial-income-eligibility-thresholds_6916573493_o.jpg,,more,Initial Income Eligibility Thresholds,initial-income-eligibility-thresholds_6916573493_o.jpg,/Users/mekot/mcp-files/timmeko-dot-com/flickr/initial-income-eligibility-thresholds_6916573493_o.jpg
Inside a scrubber,8/3/09,https://flickr.com/photos/timmeko/3785528835/,,/Users/mekot/mcp-files/timmeko-dot-com/flickr/inside-a-scrubber_3785528835_o.jpg,1,more,Inside a scrubber,inside-a-scrubber_3785528835_o.jpg,/Users/mekot/mcp-files/timmeko-dot-com/flickr/inside-a-scrubber_3785528835_o.jpg
Inside the Conclave,2/28/13,https://flickr.com/photos/timmeko/8515024519/,The world watches with interest as cardinals gather in conclave to elect the next pope. This infographic was produced for the Catholic News Service.    The making of video can be seen here: youtu.be/-HfeVTVHdUk,/Users/mekot/mcp-files/timmeko-dot-com/flickr/inside-the-conclave_8515024519_o.jpg,1,more,Inside the Conclave,inside-the-conclave_8515024519_o.jpg,/Users/mekot/mcp-files/timmeko-dot-com/flickr/inside-the-conclave_8515024519_o.jpg
Interactive graphics,8/4/09,https://flickr.com/photos/timmeko/3788352297/,"I designed and programmed this interactive package about Buster Douglas, a Columbus native. Features include an interactive timeline with archived stories, photos and other content. video",/Users/mekot/mcp-files/timmeko-dot-com/flickr/interactive-graphics_3788352297_o.png,,more,Interactive graphics,interactive-graphics_3788352297_o.png,/Users/mekot/mcp-files/timmeko-dot-com/flickr/interactive-graphics_3788352297_o.png
Knee ligaments,1/21/10,https://flickr.com/photos/timmeko/4292432388/,Showing the ligaments of the knee.,/Users/mekot/mcp-files/timmeko-dot-com/flickr/knee-ligaments_4292432388_o.jpg,,more,Knee ligaments,knee-ligaments_4292432388_o.jpg,/Users/mekot/mcp-files/timmeko-dot-com/flickr/knee-ligaments_4292432388_o.jpg
Lake testing,9/7/09,https://flickr.com/photos/timmeko/3896989871/,A look at the different tools that the Ohio EPA uses to examine the water quality in Ohio's inland lakes.,/Users/mekot/mcp-files/timmeko-dot-com/flickr/lake-testing_3896989871_o.jpg,1,more,Lake testing,lake-testing_3896989871_o.jpg,/Users/mekot/mcp-files/timmeko-dot-com/flickr/lake-testing_3896989871_o.jpg
LeVeque penthouse,8/3/09,https://flickr.com/photos/timmeko/3785529613/,"The penthouse in the LeVeque tower in downtown Columbus was up for rent. Exactly what does $4,000 a month get you?",/Users/mekot/mcp-files/timmeko-dot-com/flickr/leveque-penthouse_3785529613_o.jpg,,more,LeVeque penthouse,leveque-penthouse_3785529613_o.jpg,/Users/mekot/mcp-files/timmeko-dot-com/flickr/leveque-penthouse_3785529613_o.jpg
Local Medicaid Expansion Estimates,2/25/14,https://flickr.com/photos/timmeko/12779437535/,"Wide Local Variation in Numbers of Poor Uninsured Americans Who Would Be Eligible for Medicaid if States Opt for ACA Expansion Created with ArcMap, Tilemill, Mapbox and HTML Full map here: www.urban.org/health_policy/health_care_reform/localmedic...",/Users/mekot/mcp-files/timmeko-dot-com/flickr/local-medicaid-expansion-estimates_12779437535_o.png,,more,Local Medicaid Expansion Estimates,local-medicaid-expansion-estimates_12779437535_o.png,/Users/mekot/mcp-files/timmeko-dot-com/flickr/local-medicaid-expansion-estimates_12779437535_o.png
Lost amphibians,11/5/10,https://flickr.com/photos/timmeko/5147018449/,,/Users/mekot/mcp-files/timmeko-dot-com/flickr/lost-amphibians_5147018449_o.jpg,1,more,Lost amphibians,lost-amphibians_5147018449_o.jpg,/Users/mekot/mcp-files/timmeko-dot-com/flickr/lost-amphibians_5147018449_o.jpg
Luxembourg Leaks,2/17/15,https://flickr.com/photos/timmeko/16375553767/,For ICIJ,/Users/mekot/mcp-files/timmeko-dot-com/flickr/luxembourg-leaks_16375553767_l.jpg,,more,Luxembourg Leaks,luxembourg-leaks_16375553767_l.jpg,/Users/mekot/mcp-files/timmeko-dot-com/flickr/luxembourg-leaks_16375553767_l.jpg
Mapping America's Rental Housing Crisis,3/4/14,https://flickr.com/photos/timmeko/12938139454/,"Interactive map: www.urban.org/housingaffordability/ Many Americans struggle to afford a decent, safe place to live in today’s market. Over the past five years, rents have risen while the number of renters who need moderately priced housing has increased. These two pressures make finding affordable housing even tougher for the very poor households in America. For every 100 extremely low-income (ELI) renter households in the country, there are only 29 affordable and available rental units. Extremely low-income households—a definition used by the U.S. Department of Housing and Urban Development (HUD)—earn 30 percent of area median income or less. Depending on the area of the country, for a family of four, this translates into incomes of less than $7,450 to $33,300.",/Users/mekot/mcp-files/timmeko-dot-com/flickr/mapping-americas-rental-housing-crisis_12938139454_o.png,1,more,Mapping America's Rental Housing Crisis,mapping-americas-rental-housing-crisis_12938139454_o.png,/Users/mekot/mcp-files/timmeko-dot-com/flickr/mapping-americas-rental-housing-crisis_12938139454_o.png
Mapping Inequality in NYC,12/14/15,https://flickr.com/photos/timmeko/23666975871/,www.urban.org/interactive-map-where-are-unbanked-and-unde...,/Users/mekot/mcp-files/timmeko-dot-com/flickr/mapping-inequality-in-nyc_23666975871_o.png,1,more,Mapping Inequality in NYC,mapping-inequality-in-nyc_23666975871_o.png,/Users/mekot/mcp-files/timmeko-dot-com/flickr/mapping-inequality-in-nyc_23666975871_o.png
Mapping mutations,8/3/09,https://flickr.com/photos/timmeko/3786336118/,,/Users/mekot/mcp-files/timmeko-dot-com/flickr/mapping-mutations_3786336118_o.jpg,,more,Mapping mutations,mapping-mutations_3786336118_o.jpg,/Users/mekot/mcp-files/timmeko-dot-com/flickr/mapping-mutations_3786336118_o.jpg
Medicare Advantage Money Grab,2/17/15,https://flickr.com/photos/timmeko/16535471136/,,/Users/mekot/mcp-files/timmeko-dot-com/flickr/medicare-advantage-money-grab_16535471136_l.jpg,,more,Medicare Advantage Money Grab,medicare-advantage-money-grab_16535471136_l.jpg,/Users/mekot/mcp-files/timmeko-dot-com/flickr/medicare-advantage-money-grab_16535471136_l.jpg
NCAA 09 special section,8/3/09,https://flickr.com/photos/timmeko/3786325520/,2009 NCAA basketball tournament special section cover. This is based on a design I did as a student at Ohio University.,/Users/mekot/mcp-files/timmeko-dot-com/flickr/ncaa-09-special-section_3786325520_o.jpg,1,more,NCAA 09 special section,ncaa-09-special-section_3786325520_o.jpg,/Users/mekot/mcp-files/timmeko-dot-com/flickr/ncaa-09-special-section_3786325520_o.jpg
NCAA special section front,1/30/10,https://flickr.com/photos/timmeko/4314469925/,Original design (2007) while I was a student at OU. This won the first place in the Michigan State SND student design competition that year.,/Users/mekot/mcp-files/timmeko-dot-com/flickr/ncaa-special-section-front_4314469925_o.jpg,1,more,NCAA special section front,ncaa-special-section-front_4314469925_o.jpg,/Users/mekot/mcp-files/timmeko-dot-com/flickr/ncaa-special-section-front_4314469925_o.jpg
NCDB: Housing Burden,12/14/15,https://flickr.com/photos/timmeko/23640836552/,datatools.urban.org/features/ncdb/rent-burden-high-in-us-...,/Users/mekot/mcp-files/timmeko-dot-com/flickr/ncdb-housing-burden_23640836552_o.png,,more,NCDB: Housing Burden,ncdb-housing-burden_23640836552_o.png,/Users/mekot/mcp-files/timmeko-dot-com/flickr/ncdb-housing-burden_23640836552_o.png
NCDB: Immigration,12/14/15,https://flickr.com/photos/timmeko/23723218516/,datatools.urban.org/features/ncdb/immigrants-reshaping-re...,/Users/mekot/mcp-files/timmeko-dot-com/flickr/ncdb-immigration_23723218516_o.png,,more,NCDB: Immigration,ncdb-immigration_23723218516_o.png,/Users/mekot/mcp-files/timmeko-dot-com/flickr/ncdb-immigration_23723218516_o.png
Nine Charts about Wealth Inequality,12/14/15,https://flickr.com/photos/timmeko/23453639040/,datatools.urban.org/Features/wealth-inequality-charts/,/Users/mekot/mcp-files/timmeko-dot-com/flickr/nine-charts-about-wealth-inequality_23453639040_o.png,1,more,Nine Charts about Wealth Inequality,nine-charts-about-wealth-inequality_23453639040_o.png,/Users/mekot/mcp-files/timmeko-dot-com/flickr/nine-charts-about-wealth-inequality_23453639040_o.png
North America,9/7/09,https://flickr.com/photos/timmeko/3896987491/,An experiment with image mapping. The texture map was developed in Photoshop and borders were added prior to rendering in Bryce 6.0.,/Users/mekot/mcp-files/timmeko-dot-com/flickr/north-america_3896987491_o.jpg,,more,North America,north-america_3896987491_o.jpg,/Users/mekot/mcp-files/timmeko-dot-com/flickr/north-america_3896987491_o.jpg
Nuclear Waste,2/17/15,https://flickr.com/photos/timmeko/16373879078/,for CPI,/Users/mekot/mcp-files/timmeko-dot-com/flickr/nuclear-waste_16373879078_l.jpg,,more,Nuclear Waste,nuclear-waste_16373879078_l.jpg,/Users/mekot/mcp-files/timmeko-dot-com/flickr/nuclear-waste_16373879078_l.jpg
Ohio's hoops history,8/4/09,https://flickr.com/photos/timmeko/3789162740/,"I designed and programmed this interactive graphic. It shows every school in Ohio and how many times they advanced to the high-school final four, or how many championships they won. This project was very data-intensive. www.dispatch.com/live/content/multimedia//graphics/2008/b...",/Users/mekot/mcp-files/timmeko-dot-com/flickr/ohios-hoops-history_3789162740_o.png,1,more,Ohio's hoops history,ohios-hoops-history_3789162740_o.png,/Users/mekot/mcp-files/timmeko-dot-com/flickr/ohios-hoops-history_3789162740_o.png
Ohio's most dangerous bridges,8/3/09,https://flickr.com/photos/timmeko/3786330380/,"Ohio's most dangerous bridges. I also photographed the inset photo, which is a bridge in my hometown of Russell, Kentucky.",/Users/mekot/mcp-files/timmeko-dot-com/flickr/ohios-most-dangerous-bridges_3786330380_o.jpg,1,more,Ohio's most dangerous bridges,ohios-most-dangerous-bridges_3786330380_o.jpg,/Users/mekot/mcp-files/timmeko-dot-com/flickr/ohios-most-dangerous-bridges_3786330380_o.jpg
Ohio's presidential primary,8/4/09,https://flickr.com/photos/timmeko/3789161532/,Automatically updated map that was created as one of the Dispatch's first interactive graphics.,/Users/mekot/mcp-files/timmeko-dot-com/flickr/ohios-presidential-primary_3789161532_o.png,,more,Ohio's presidential primary,ohios-presidential-primary_3789161532_o.png,/Users/mekot/mcp-files/timmeko-dot-com/flickr/ohios-presidential-primary_3789161532_o.png
Oil and Natural Gas formation,11/5/10,https://flickr.com/photos/timmeko/5147614068/,A look at how oil and natural gas were formed,/Users/mekot/mcp-files/timmeko-dot-com/flickr/oil-and-natural-gas-formation_5147614068_o.jpg,1,more,Oil and Natural Gas formation,oil-and-natural-gas-formation_5147614068_o.jpg,/Users/mekot/mcp-files/timmeko-dot-com/flickr/oil-and-natural-gas-formation_5147614068_o.jpg
Old bones,8/3/09,https://flickr.com/photos/timmeko/3786327194/,Mastodon bones were found in western Ohio. Which ones they recovered.,/Users/mekot/mcp-files/timmeko-dot-com/flickr/old-bones_3786327194_o.jpg,1,more,Old bones,old-bones_3786327194_o.jpg,/Users/mekot/mcp-files/timmeko-dot-com/flickr/old-bones_3786327194_o.jpg
On the brink: Can Ohio's big cities be saved?,8/4/09,https://flickr.com/photos/timmeko/3789161438/,The Dispatch's first major interactive graphic. This graphic had information about every large city in Ohio. I also designed the accompanying print graphics.,/Users/mekot/mcp-files/timmeko-dot-com/flickr/on-the-brink-can-ohios-big-cities-be-saved_3789161438_o.png,1,more,On the brink: Can Ohio's big cities be saved?,on-the-brink-can-ohios-big-cities-be-saved_3789161438_o.png,/Users/mekot/mcp-files/timmeko-dot-com/flickr/on-the-brink-can-ohios-big-cities-be-saved_3789161438_o.png
OSU medical center,9/23/09,https://flickr.com/photos/timmeko/3946344010/,,/Users/mekot/mcp-files/timmeko-dot-com/flickr/osu-medical-center_3946344010_o.jpg,,more,OSU medical center,osu-medical-center_3946344010_o.jpg,/Users/mekot/mcp-files/timmeko-dot-com/flickr/osu-medical-center_3946344010_o.jpg
Patagonia spread 1,1/28/10,https://flickr.com/photos/timmeko/4311238941/,A mockup magazine spread for National Geographic Traveller magazine.,/Users/mekot/mcp-files/timmeko-dot-com/flickr/patagonia-spread-1_4311238941_o.png,,more,Patagonia spread 1,patagonia-spread-1_4311238941_o.png,/Users/mekot/mcp-files/timmeko-dot-com/flickr/patagonia-spread-1_4311238941_o.png
Patagonia spread 2,1/28/10,https://flickr.com/photos/timmeko/4311241019/,A mockup magazine spread for National Geographic Traveller magazine.,/Users/mekot/mcp-files/timmeko-dot-com/flickr/patagonia-spread-2_4311241019_o.png,,more,Patagonia spread 2,patagonia-spread-2_4311241019_o.png,/Users/mekot/mcp-files/timmeko-dot-com/flickr/patagonia-spread-2_4311241019_o.png
Patagonia spread 3,1/28/10,https://flickr.com/photos/timmeko/4311976454/,A mockup magazine spread for National Geographic Traveller magazine.,/Users/mekot/mcp-files/timmeko-dot-com/flickr/patagonia-spread-3_4311976454_o.png,,more,Patagonia spread 3,patagonia-spread-3_4311976454_o.png,/Users/mekot/mcp-files/timmeko-dot-com/flickr/patagonia-spread-3_4311976454_o.png
Patagonia spread 4,1/28/10,https://flickr.com/photos/timmeko/4311977312/,A mockup magazine spread for National Geographic Traveller magazine.,/Users/mekot/mcp-files/timmeko-dot-com/flickr/patagonia-spread-4_4311977312_o.png,,more,Patagonia spread 4,patagonia-spread-4_4311977312_o.png,/Users/mekot/mcp-files/timmeko-dot-com/flickr/patagonia-spread-4_4311977312_o.png
Patagonia,1/30/10,https://flickr.com/photos/timmeko/4315205910/,Pull-out travel guide for Patagonia.,/Users/mekot/mcp-files/timmeko-dot-com/flickr/patagonia_4315205910_o.jpg,,more,Patagonia,patagonia_4315205910_o.jpg,/Users/mekot/mcp-files/timmeko-dot-com/flickr/patagonia_4315205910_o.jpg
People's Republic of Offshore,2/17/15,https://flickr.com/photos/timmeko/16374028430/,For ICIJ,/Users/mekot/mcp-files/timmeko-dot-com/flickr/peoples-republic-of-offshore_16374028430_l.jpg,,more,People's Republic of Offshore,peoples-republic-of-offshore_16374028430_l.jpg,/Users/mekot/mcp-files/timmeko-dot-com/flickr/peoples-republic-of-offshore_16374028430_l.jpg
Play of the week,9/23/09,https://flickr.com/photos/timmeko/3945560827/,The highlighted play of the week for the Gameday+ sports package that publishes each week of football season.,/Users/mekot/mcp-files/timmeko-dot-com/flickr/play-of-the-week_3945560827_o.jpg,,more,Play of the week,play-of-the-week_3945560827_o.jpg,/Users/mekot/mcp-files/timmeko-dot-com/flickr/play-of-the-week_3945560827_o.jpg
Primary Source,3/2/13,https://flickr.com/photos/timmeko/8520900953/,Illustration developed for The Center for Public Integrity.,/Users/mekot/mcp-files/timmeko-dot-com/flickr/primary-source_8520900953_l.jpg,,more,Primary Source,primary-source_8520900953_l.jpg,/Users/mekot/mcp-files/timmeko-dot-com/flickr/primary-source_8520900953_l.jpg
Prince George's County Map Mockup,2/21/12,https://flickr.com/photos/timmeko/6916573971/,Design mockup for an interactive map,/Users/mekot/mcp-files/timmeko-dot-com/flickr/prince-georges-county-map-mockup_6916573971_o.jpg,,more,Prince George's County Map Mockup,prince-georges-county-map-mockup_6916573971_o.jpg,/Users/mekot/mcp-files/timmeko-dot-com/flickr/prince-georges-county-map-mockup_6916573971_o.jpg
Puppet States,2/17/15,https://flickr.com/photos/timmeko/16561555965/,for CPI,/Users/mekot/mcp-files/timmeko-dot-com/flickr/puppet-states_16561555965_l.jpg,,more,Puppet States,puppet-states_16561555965_l.jpg,/Users/mekot/mcp-files/timmeko-dot-com/flickr/puppet-states_16561555965_l.jpg
Rain shadow,9/11/09,https://flickr.com/photos/timmeko/3909834888/,,/Users/mekot/mcp-files/timmeko-dot-com/flickr/rain-shadow_3909834888_o.jpg,,more,Rain shadow,rain-shadow_3909834888_o.jpg,/Users/mekot/mcp-files/timmeko-dot-com/flickr/rain-shadow_3909834888_o.jpg
REDD+,11/5/10,https://flickr.com/photos/timmeko/5147018561/,,/Users/mekot/mcp-files/timmeko-dot-com/flickr/redd_5147018561_o.jpg,,more,REDD+,redd_5147018561_o.jpg,/Users/mekot/mcp-files/timmeko-dot-com/flickr/redd_5147018561_o.jpg
Roundabout User's Guide,8/4/09,https://flickr.com/photos/timmeko/3789166058/,This interactive presentation showed users how to properly navigate a roundabout. Central Ohio has been adding new roundabouts with a fairly high frequency as a way to calm high-traffic intersections and this graphic can be used whenever a new roundabout is proposed. audio.dispatch.com/flash/roundabout/roundabout.swf,/Users/mekot/mcp-files/timmeko-dot-com/flickr/roundabout-users-guide_3789166058_o.png,,more,Roundabout User's Guide,roundabout-users-guide_3789166058_o.png,/Users/mekot/mcp-files/timmeko-dot-com/flickr/roundabout-users-guide_3789166058_o.png
Rub-on vaccine,8/3/09,https://flickr.com/photos/timmeko/3785525773/,Explaining how a revolutionary new vaccine works.,/Users/mekot/mcp-files/timmeko-dot-com/flickr/rub-on-vaccine_3785525773_o.jpg,,more,Rub-on vaccine,rub-on-vaccine_3785525773_o.jpg,/Users/mekot/mcp-files/timmeko-dot-com/flickr/rub-on-vaccine_3785525773_o.jpg
Rust happens,9/1/09,https://flickr.com/photos/timmeko/3879828324/,A look at the process behind rust.,/Users/mekot/mcp-files/timmeko-dot-com/flickr/rust-happens_3879828324_o.jpg,1,more,Rust happens,rust-happens_3879828324_o.jpg,/Users/mekot/mcp-files/timmeko-dot-com/flickr/rust-happens_3879828324_o.jpg
Science of the Curl,3/3/10,https://flickr.com/photos/timmeko/4404934602/,A look at the science behind the Olympic sport of Curling.,/Users/mekot/mcp-files/timmeko-dot-com/flickr/science-of-the-curl_4404934602_o.jpg,1,more,Science of the Curl,science-of-the-curl_4404934602_o.jpg,/Users/mekot/mcp-files/timmeko-dot-com/flickr/science-of-the-curl_4404934602_o.jpg
Secrecy for Sale,2/17/15,https://flickr.com/photos/timmeko/15941340633/,for ICIJ,/Users/mekot/mcp-files/timmeko-dot-com/flickr/secrecy-for-sale_15941340633_l.jpg,1,more,Secrecy for Sale,secrecy-for-sale_15941340633_l.jpg,/Users/mekot/mcp-files/timmeko-dot-com/flickr/secrecy-for-sale_15941340633_l.jpg
Seeing the big picture,8/3/09,https://flickr.com/photos/timmeko/3786327988/,Panoramic photos—and how to take them. I shot this panoramic photo of Time Square in New York several years ago. It consists of approximately 50 images stitched together.,/Users/mekot/mcp-files/timmeko-dot-com/flickr/seeing-the-big-picture_3786327988_o.jpg,,more,Seeing the big picture,seeing-the-big-picture_3786327988_o.jpg,/Users/mekot/mcp-files/timmeko-dot-com/flickr/seeing-the-big-picture_3786327988_o.jpg
Sizing up the streetcars,8/3/09,https://flickr.com/photos/timmeko/3785528225/,,/Users/mekot/mcp-files/timmeko-dot-com/flickr/sizing-up-the-streetcars_3785528225_o.jpg,,more,Sizing up the streetcars,sizing-up-the-streetcars_3785528225_o.jpg,/Users/mekot/mcp-files/timmeko-dot-com/flickr/sizing-up-the-streetcars_3785528225_o.jpg
Snow acoustics,2/6/10,https://flickr.com/photos/timmeko/4334405107/,Why is it quieter when it snows?,/Users/mekot/mcp-files/timmeko-dot-com/flickr/snow-acoustics_4334405107_o.jpg,1,more,Snow acoustics,snow-acoustics_4334405107_o.jpg,/Users/mekot/mcp-files/timmeko-dot-com/flickr/snow-acoustics_4334405107_o.jpg
South-Western schools,8/4/09,https://flickr.com/photos/timmeko/3789161764/,interactive Google map created on deadline.,/Users/mekot/mcp-files/timmeko-dot-com/flickr/south-western-schools_3789161764_o.png,,more,South-Western schools,south-western-schools_3789161764_o.png,/Users/mekot/mcp-files/timmeko-dot-com/flickr/south-western-schools_3789161764_o.png
Sponsored Judicial Travel,3/28/13,https://flickr.com/photos/timmeko/8598328444/,Illustration for the Center for Public Integrity to accompany a story about corporate-sponsored judicial educational seminars.,/Users/mekot/mcp-files/timmeko-dot-com/flickr/sponsored-judicial-travel_8598328444_o.jpg,,more,Sponsored Judicial Travel,sponsored-judicial-travel_8598328444_o.jpg,/Users/mekot/mcp-files/timmeko-dot-com/flickr/sponsored-judicial-travel_8598328444_o.jpg
Spread of Chytrid Fungus in Central America,11/5/10,https://flickr.com/photos/timmeko/5147018465/,,/Users/mekot/mcp-files/timmeko-dot-com/flickr/spread-of-chytrid-fungus-in-central-america_5147018465_o.jpg,,more,Spread of Chytrid Fungus in Central America,spread-of-chytrid-fungus-in-central-america_5147018465_o.jpg,/Users/mekot/mcp-files/timmeko-dot-com/flickr/spread-of-chytrid-fungus-in-central-america_5147018465_o.jpg
Stag moose,8/3/09,https://flickr.com/photos/timmeko/3786329180/,,/Users/mekot/mcp-files/timmeko-dot-com/flickr/stag-moose_3786329180_o.jpg,1,more,Stag moose,stag-moose_3786329180_o.jpg,/Users/mekot/mcp-files/timmeko-dot-com/flickr/stag-moose_3786329180_o.jpg
State of Retirement Report Card,5/7/14,https://flickr.com/photos/timmeko/14129582011/,"Interactive data tool that explores state-funded pension plans. I designed and styled this interactive that is built with HTML, CSS, and Javacript. datatools.urban.org/features/SLEPP/index.html",/Users/mekot/mcp-files/timmeko-dot-com/flickr/state-of-retirement-report-card_14129582011_o.png,,more,State of Retirement Report Card,state-of-retirement-report-card_14129582011_o.png,/Users/mekot/mcp-files/timmeko-dot-com/flickr/state-of-retirement-report-card_14129582011_o.png
Stream,9/11/09,https://flickr.com/photos/timmeko/3909053841/,,/Users/mekot/mcp-files/timmeko-dot-com/flickr/stream_3909053841_o.jpg,,more,Stream,stream_3909053841_o.jpg,/Users/mekot/mcp-files/timmeko-dot-com/flickr/stream_3909053841_o.jpg
Swiss Leaks,2/17/15,https://flickr.com/photos/timmeko/16375215939/,For ICIJ,/Users/mekot/mcp-files/timmeko-dot-com/flickr/swiss-leaks_16375215939_l.jpg,,more,Swiss Leaks,swiss-leaks_16375215939_l.jpg,/Users/mekot/mcp-files/timmeko-dot-com/flickr/swiss-leaks_16375215939_l.jpg
Test of Convictions,8/4/09,https://flickr.com/photos/timmeko/3789163022/,I designed and programmed this interactive package about DNA testing for thirty Ohio inmates. This series is responsible for freeing two wrongly-convicted inmates. view interactive,/Users/mekot/mcp-files/timmeko-dot-com/flickr/test-of-convictions_3789163022_o.png,1,more,Test of Convictions,test-of-convictions_3789163022_o.png,/Users/mekot/mcp-files/timmeko-dot-com/flickr/test-of-convictions_3789163022_o.png
Textbook cover,9/11/09,https://flickr.com/photos/timmeko/3909051561/,,/Users/mekot/mcp-files/timmeko-dot-com/flickr/textbook-cover_3909051561_o.jpg,,more,Textbook cover,textbook-cover_3909051561_o.jpg,/Users/mekot/mcp-files/timmeko-dot-com/flickr/textbook-cover_3909051561_o.jpg
The ABCs of tap water,8/3/09,https://flickr.com/photos/timmeko/3786341822/,"What's in your tap water, and how does it get there?",/Users/mekot/mcp-files/timmeko-dot-com/flickr/the-abcs-of-tap-water_3786341822_o.jpg,,more,The ABCs of tap water,the-abcs-of-tap-water_3786341822_o.jpg,/Users/mekot/mcp-files/timmeko-dot-com/flickr/the-abcs-of-tap-water_3786341822_o.jpg
The Carbon Cycle,9/2/11,https://flickr.com/photos/timmeko/6106058409/,,/Users/mekot/mcp-files/timmeko-dot-com/flickr/the-carbon-cycle_6106058409_o.jpg,1,more,The Carbon Cycle,the-carbon-cycle_6106058409_o.jpg,/Users/mekot/mcp-files/timmeko-dot-com/flickr/the-carbon-cycle_6106058409_o.jpg
The data behind the 1994 Assault Weapons Ban,3/26/13,https://flickr.com/photos/timmeko/8591540417/,Looking at the impacts of the landmark legislation to curtail assault weapon violence.,/Users/mekot/mcp-files/timmeko-dot-com/flickr/the-data-behind-the-1994-assault-weapons-ban_8591540417_o.jpg,,more,The data behind the 1994 Assault Weapons Ban,the-data-behind-the-1994-assault-weapons-ban_8591540417_o.jpg,/Users/mekot/mcp-files/timmeko-dot-com/flickr/the-data-behind-the-1994-assault-weapons-ban_8591540417_o.jpg
The Hustle,3/12/14,https://flickr.com/photos/timmeko/13111871024/,"I was responsible for all design and development.  Visit the site: urbn.is/hustle Prostitution is said to be the world’s oldest profession, but understanding the size and scope of this economy, and the methods and actors involved in this trade, is still a murky endeavor.Outside the sex sold legally in Nevada, prostitution in the United States transpires in the shadows of an underground economy. There are no accounting records to trace, no receipts to scrutinize, and no legal records to analyze. Simply, it is difficult to grasp the size of this economy.But a groundbreaking study released by the Urban Institute sheds new light on how much money is generated by the underground commercial sex economy in American cities.Knowing the size of the economy is the critical first step for enabling law enforcement, the judicial system, and policymakers to make informed choices about how to fight the harm that happens within these black markets.The research yields the first scientifically rigorous estimates for the revenue generated in the underground commercial sex economies of Atlanta, Dallas, Denver, Miami, San Diego, Seattle, and Washington, DC, in 2003 and 2007.",/Users/mekot/mcp-files/timmeko-dot-com/flickr/the-hustle_13111871024_o.png,1,more,The Hustle,the-hustle_13111871024_o.png,/Users/mekot/mcp-files/timmeko-dot-com/flickr/the-hustle_13111871024_o.png
The Nitrogen Cycle,9/2/11,https://flickr.com/photos/timmeko/6106058553/,,/Users/mekot/mcp-files/timmeko-dot-com/flickr/the-nitrogen-cycle_6106058553_o.jpg,,more,The Nitrogen Cycle,the-nitrogen-cycle_6106058553_o.jpg,/Users/mekot/mcp-files/timmeko-dot-com/flickr/the-nitrogen-cycle_6106058553_o.jpg
The Prison Population Forecaster,12/14/15,https://flickr.com/photos/timmeko/23640836412/,webapp.urban.org/reducing-federal-mass-incarceration/,/Users/mekot/mcp-files/timmeko-dot-com/flickr/the-prison-population-forecaster_23640836412_o.png,,more,The Prison Population Forecaster,the-prison-population-forecaster_23640836412_o.png,/Users/mekot/mcp-files/timmeko-dot-com/flickr/the-prison-population-forecaster_23640836412_o.png
The space gun,8/3/09,https://flickr.com/photos/timmeko/3786329742/,,/Users/mekot/mcp-files/timmeko-dot-com/flickr/the-space-gun_3786329742_o.jpg,,more,The space gun,the-space-gun_3786329742_o.jpg,/Users/mekot/mcp-files/timmeko-dot-com/flickr/the-space-gun_3786329742_o.jpg
The stain event,1/30/10,https://flickr.com/photos/timmeko/4314469855/,magazine spread that I designed and art directed.,/Users/mekot/mcp-files/timmeko-dot-com/flickr/the-stain-event_4314469855_o.jpg,,more,The stain event,the-stain-event_4314469855_o.jpg,/Users/mekot/mcp-files/timmeko-dot-com/flickr/the-stain-event_4314469855_o.jpg
Thermal Power Plant,11/5/10,https://flickr.com/photos/timmeko/5147614016/,,/Users/mekot/mcp-files/timmeko-dot-com/flickr/thermal-power-plant_5147614016_o.jpg,,more,Thermal Power Plant,thermal-power-plant_5147614016_o.jpg,/Users/mekot/mcp-files/timmeko-dot-com/flickr/thermal-power-plant_5147614016_o.jpg
To the moon,8/3/09,https://flickr.com/photos/timmeko/3786331722/,A timeline celebrating the 40th anniversary of the Apollo 11 moon landing.,/Users/mekot/mcp-files/timmeko-dot-com/flickr/to-the-moon_3786331722_o.jpg,,more,To the moon,to-the-moon_3786331722_o.jpg,/Users/mekot/mcp-files/timmeko-dot-com/flickr/to-the-moon_3786331722_o.jpg
Toxic Influence,3/2/13,https://flickr.com/photos/timmeko/8522012998/,Illustration developed for The Center for Public Integrity.,/Users/mekot/mcp-files/timmeko-dot-com/flickr/toxic-influence_8522012998_l.jpg,,more,Toxic Influence,toxic-influence_8522012998_l.jpg,/Users/mekot/mcp-files/timmeko-dot-com/flickr/toxic-influence_8522012998_l.jpg
Transylvania University,4/27/12,https://flickr.com/photos/timmeko/6973063396/,Campus map for Transylvania University.,/Users/mekot/mcp-files/timmeko-dot-com/flickr/transylvania-university_6973063396_o.jpg,1,more,Transylvania University,transylvania-university_6973063396_o.jpg,/Users/mekot/mcp-files/timmeko-dot-com/flickr/transylvania-university_6973063396_o.jpg
Trash rehashed,8/3/09,https://flickr.com/photos/timmeko/3786324818/,"How does your recycling get processed, and what does it turn into?",/Users/mekot/mcp-files/timmeko-dot-com/flickr/trash-rehashed_3786324818_o.jpg,1,more,Trash rehashed,trash-rehashed_3786324818_o.jpg,/Users/mekot/mcp-files/timmeko-dot-com/flickr/trash-rehashed_3786324818_o.jpg
Trek-nology,8/3/09,https://flickr.com/photos/timmeko/3786340498/,,/Users/mekot/mcp-files/timmeko-dot-com/flickr/trek-nology_3786340498_o.jpg,,more,Trek-nology,trek-nology_3786340498_o.jpg,/Users/mekot/mcp-files/timmeko-dot-com/flickr/trek-nology_3786340498_o.jpg
Under your thumb,1/30/10,https://flickr.com/photos/timmeko/4315206090/,illustration done as a mockup for WIRED magazine while I was a student at Ohio University.,/Users/mekot/mcp-files/timmeko-dot-com/flickr/under-your-thumb_4315206090_o.jpg,,more,Under your thumb,under-your-thumb_4315206090_o.jpg,/Users/mekot/mcp-files/timmeko-dot-com/flickr/under-your-thumb_4315206090_o.jpg
Va. Tech,1/30/10,https://flickr.com/photos/timmeko/4314470147/,Front page design for fictional Athens newspaper that I designed from the ground up.,/Users/mekot/mcp-files/timmeko-dot-com/flickr/va-tech_4314470147_o.jpg,,more,Va. Tech,va-tech_4314470147_o.jpg,/Users/mekot/mcp-files/timmeko-dot-com/flickr/va-tech_4314470147_o.jpg
Watershed management,6/21/11,https://flickr.com/photos/timmeko/5854534463/,Illustration for Conservation International about watershed management. Full interactive package: www.conservation.org/learn/freshwater/Pages/fresh_water.aspx,/Users/mekot/mcp-files/timmeko-dot-com/flickr/watershed-management_5854534463_o.png,,more,Watershed management,watershed-management_5854534463_o.png,/Users/mekot/mcp-files/timmeko-dot-com/flickr/watershed-management_5854534463_o.png
When the boughs break...,8/3/09,https://flickr.com/photos/timmeko/3786327700/,"After a major wind-storm in central Ohio, we showed readers which trees they should consider planting as replacements to those lost in the storm.",/Users/mekot/mcp-files/timmeko-dot-com/flickr/when-the-boughs-break_3786327700_o.jpg,,more,When the boughs break...,when-the-boughs-break_3786327700_o.jpg,/Users/mekot/mcp-files/timmeko-dot-com/flickr/when-the-boughs-break_3786327700_o.jpg
Why They Paid What They Paid,4/27/12,https://flickr.com/photos/timmeko/7119127309/,"A look at the composition of the income taxes paid by President Obama, Vice President Biden, and Governor Romney. This interactive infographic can be viewed at www.taxpolicycenter.org/taxtopics/2012candidatestaxreturn...",/Users/mekot/mcp-files/timmeko-dot-com/flickr/why-they-paid-what-they-paid_7119127309_o.png,,more,Why They Paid What They Paid,why-they-paid-what-they-paid_7119127309_o.png,/Users/mekot/mcp-files/timmeko-dot-com/flickr/why-they-paid-what-they-paid_7119127309_o.png
Wind and Solar maps,11/5/10,https://flickr.com/photos/timmeko/5147614044/,,/Users/mekot/mcp-files/timmeko-dot-com/flickr/wind-and-solar-maps_5147614044_o.jpg,,more,Wind and Solar maps,wind-and-solar-maps_5147614044_o.jpg,/Users/mekot/mcp-files/timmeko-dot-com/flickr/wind-and-solar-maps_5147614044_o.jpg
Window Glazing Types,9/2/11,https://flickr.com/photos/timmeko/6106058125/,,/Users/mekot/mcp-files/timmeko-dot-com/flickr/window-glazing-types_6106058125_o.jpg,,more,Window Glazing Types,window-glazing-types_6106058125_o.jpg,/Users/mekot/mcp-files/timmeko-dot-com/flickr/window-glazing-types_6106058125_o.jpg